mixture_evaltest_gunshot_000_8558fcd677ed0f9d3485f4fa41edc6f3.wav,22.8945421524,23.9945421524,gunshot
mixture_evaltest_gunshot_001_9a2eb11a7c6edea6c75ff30dc3f5de12.wav,18.0239693631,19.2039693631,gunshot
mixture_evaltest_gunshot_002_54d69de42bbd0acc7b4a89b0207eacf1.wav
mixture_evaltest_gunshot_003_9065fa513dcd622b496a95edf81e998d.wav,4.85670693622,5.19670693622,gunshot
mixture_evaltest_gunshot_004_c8cd9f09275df9440d4de6a230255b16.wav,18.0239693631,19.2039693631,gunshot
mixture_evaltest_gunshot_005_69febb7ab819c9370f8edb9811ce43de.wav,9.44844323584,10.9084432358,gunshot
mixture_evaltest_gunshot_006_2d670cfc2063aa7b566b1ae1eca09b7c.wav
mixture_evaltest_gunshot_007_6fb8ddd770f72a9646a76a571a777c6e.wav,23.6199531079,24.1399531079,gunshot
mixture_evaltest_gunshot_008_52eb80b72dd86bdc747baf2a5c4a1982.wav
mixture_evaltest_gunshot_009_594e0b3144a1c0bb3a12497ebacb8cc5.wav,12.9409671069,13.9209671069,gunshot
mixture_evaltest_gunshot_010_9b3743e406919f582d1b691761d5b7c9.wav
mixture_evaltest_gunshot_011_aae8056dbfba2ac1a9cc79112d1fbe85.wav,23.9192895659,25.9192895659,gunshot
mixture_evaltest_gunshot_012_ae6de61038f168079fe2244ded11efe3.wav
mixture_evaltest_gunshot_013_8eb04d61dad8565331b4a4b9ee3ffa9d.wav,2.72261937992,3.24261937992,gunshot
mixture_evaltest_gunshot_014_9d1f89c63dabd1063e629f98430c4551.wav,12.3269478868,12.7669478868,gunshot
mixture_evaltest_gunshot_015_f5ca6ab4416694b7aa1e973364683d7b.wav
mixture_evaltest_gunshot_016_3e485353b8160035932617d2f97781ec.wav,3.1632671572,3.9832671572,gunshot
mixture_evaltest_gunshot_017_51d31965701e028fed93a30734ce7212.wav,12.9903932232,13.2303932232,gunshot
mixture_evaltest_gunshot_018_54726d75a93470398be935f067e04f68.wav,14.2050284766,14.4850284766,gunshot
mixture_evaltest_gunshot_019_2f1c681c90a63b4a5d32bc50073146e9.wav,3.32797859337,5.60797859337,gunshot
mixture_evaltest_gunshot_020_cd3aec1ff2902adb8ffda6e2a144a683.wav,14.9823061157,16.5823061157,gunshot
mixture_evaltest_gunshot_021_664c9388695f99acb68af221bae02f95.wav
mixture_evaltest_gunshot_022_c49158efd1f7d989f9bc2d5cd18e64fd.wav
mixture_evaltest_gunshot_023_5459b1f7867df115b0c71f9157af8561.wav,9.87335831972,11.5933583197,gunshot
mixture_evaltest_gunshot_024_5da35058bb178e136f3591fc30b38389.wav,27.7698419949,28.0098419949,gunshot
mixture_evaltest_gunshot_025_7886cc353bb2354c61a39c990306e690.wav
mixture_evaltest_gunshot_026_35412995dc382df2b87ce8b08fcf803e.wav,29.1915974133,29.6315974133,gunshot
mixture_evaltest_gunshot_027_a872a1480da790e3dd0533cee3710b74.wav
mixture_evaltest_gunshot_028_a32f07a8ac1b76b1e47667d37bc11ad5.wav
mixture_evaltest_gunshot_029_53f78f1ff9240b93fe78948bb430e9af.wav
mixture_evaltest_gunshot_030_1017f908e8b41f3f779455e6fb6a891d.wav,24.296137301,25.556137301,gunshot
mixture_evaltest_gunshot_031_80d1aa2196d86d62dcb23b961743aab8.wav
mixture_evaltest_gunshot_032_e3c7ccb0b50effd658440c7385dc8524.wav
mixture_evaltest_gunshot_033_4b01ac7e11dcc5a9abcfa9c3799bf88a.wav,10.1385629812,10.6385629812,gunshot
mixture_evaltest_gunshot_034_998e8d211a60a01912da78d978457d37.wav,6.96533589558,7.52533589558,gunshot
mixture_evaltest_gunshot_035_f5a68c11b409d52af10f5c147960021c.wav
mixture_evaltest_gunshot_036_dcb35bdc1d06ae207b226966e03228e8.wav,24.3839527698,24.6639527698,gunshot
mixture_evaltest_gunshot_037_9e29b969ad697fecea88e2fc69cb6e37.wav,8.22553077817,8.58553077817,gunshot
mixture_evaltest_gunshot_038_073b20b2adbc23a55be15a321bbd9592.wav
mixture_evaltest_gunshot_039_8da13acdfd01cc550c2618269645b636.wav,22.8945421524,23.9945421524,gunshot
mixture_evaltest_gunshot_040_2127e0653a25b8819ed7e418fa7f2d24.wav
mixture_evaltest_gunshot_041_1114da9aa9be1e14031e0d5bb7092ce4.wav,2.65716125458,4.57716125458,gunshot
mixture_evaltest_gunshot_042_262fde5f6abc5cef9abac6a23a6446c1.wav,24.7879813177,25.4079813177,gunshot
mixture_evaltest_gunshot_043_7c3249c7c7fb7abf190e89b26fd707ae.wav
mixture_evaltest_gunshot_044_12ce0c58dab93d6bc9a8ee8ca493713c.wav,8.73636586329,9.57636586329,gunshot
mixture_evaltest_gunshot_045_cf44e5b273a7b1f9b19fa3a87c3c0162.wav,18.3249950537,18.5849950537,gunshot
mixture_evaltest_gunshot_046_67d149ed57d3bc4b08a0ff329d797db9.wav
mixture_evaltest_gunshot_047_8aad694b8aa6e30a55469fe2885c49e2.wav,17.8947968166,18.3347968166,gunshot
mixture_evaltest_gunshot_048_9eb1fea58ef721974c28d627749cdd4b.wav,3.1632671572,3.9832671572,gunshot
mixture_evaltest_gunshot_049_1f8ec114102964f7fc3dc65dcbd4edee.wav,2.72261937992,3.24261937992,gunshot
mixture_evaltest_gunshot_050_8a9ac50066e2aeabcc34fab09728becc.wav,13.7151471476,14.1151471476,gunshot
mixture_evaltest_gunshot_051_d0339f801fafac4621e351c70aac1b97.wav
mixture_evaltest_gunshot_052_5530f18f386e3028703f7932b5a3f7a3.wav
mixture_evaltest_gunshot_053_d05662af701d50b6d4094717c336023e.wav,29.1915974133,29.6315974133,gunshot
mixture_evaltest_gunshot_054_72471a3a502e0272b26064224fd2b7f5.wav
mixture_evaltest_gunshot_055_7ccc0504e7a9a28ee4b363df257b0b28.wav
mixture_evaltest_gunshot_056_d1475aa902137b8cacd3d819e1c5eb5a.wav,18.6857340753,20.2457340753,gunshot
mixture_evaltest_gunshot_057_7d5a964428a147aa8dd6385e31263974.wav
mixture_evaltest_gunshot_058_ec4db075bcf8b48b2ce12be5e012f8e2.wav
mixture_evaltest_gunshot_059_597fd5f9b9fb8fd01e2760a6ca630a6e.wav,13.5696983648,15.3496983648,gunshot
mixture_evaltest_gunshot_060_77d69eb32ee3f780b9d4e87e6fcca756.wav,29.3097878445,29.7297878445,gunshot
mixture_evaltest_gunshot_061_c233a1ebbe802eb329d4322f6b27e2b3.wav,12.0290927701,14.0490927701,gunshot
mixture_evaltest_gunshot_062_9f88c2bdda8aa62a06c0a666a699ab17.wav
mixture_evaltest_gunshot_063_e44d73b707e2f00cce13545e3c4c0c10.wav
mixture_evaltest_gunshot_064_e84097d85890428580a264e92b66d40c.wav,20.6692879131,21.7092879131,gunshot
mixture_evaltest_gunshot_065_60075f9e1885d5b8959db998690abef9.wav,5.47191737966,5.89191737966,gunshot
mixture_evaltest_gunshot_066_88e7ac3276eb05c507d8e5e149426d99.wav,24.0064794178,24.5064794178,gunshot
mixture_evaltest_gunshot_067_84d50e9639560863397bd580540ef9f3.wav
mixture_evaltest_gunshot_068_e60650b2a3338c100c8f68a634fe71f1.wav
mixture_evaltest_gunshot_069_800b331dfde5f3884ae45680b3db22b1.wav,26.004443994,27.284443994,gunshot
mixture_evaltest_gunshot_070_ae73d7a1e8de6a8af8436d8515b9db20.wav
mixture_evaltest_gunshot_071_a1368f9e660b691720911304d6312218.wav
mixture_evaltest_gunshot_072_28d28a3fbbe46cf8a71e2a7229804c06.wav,7.3640130101,9.2240130101,gunshot
mixture_evaltest_gunshot_073_dbbe9d2501e98394147aaec1a7e6338d.wav,13.5696983648,15.3496983648,gunshot
mixture_evaltest_gunshot_074_0924fb949fa8215132160351ba081925.wav,3.32797859337,5.60797859337,gunshot
mixture_evaltest_gunshot_075_cc4511ecb6c9f7b8c73f04ff2104428c.wav,23.6199531079,24.1399531079,gunshot
mixture_evaltest_gunshot_076_49cf24bc7102ed39d301b497a97dd31d.wav,11.4581594607,11.7781594607,gunshot
mixture_evaltest_gunshot_077_f7011025fd0c82224ff11c5f238c06d9.wav,12.3269478868,12.7669478868,gunshot
mixture_evaltest_gunshot_078_2a989150fcc5f94bf5ad5c9f94b7df09.wav
mixture_evaltest_gunshot_079_fcdbe650cde281f750888a78d94cd1d1.wav,22.7317945748,23.8717945748,gunshot
mixture_evaltest_gunshot_080_930e0de2868b9c0b62d5c343ba2769b6.wav
mixture_evaltest_gunshot_081_df4492bc836c8d06ccd38a8cb63f772e.wav,26.004443994,27.284443994,gunshot
mixture_evaltest_gunshot_082_945c621ea803e20f201dd267c5358f0d.wav,14.0703055141,15.7103055141,gunshot
mixture_evaltest_gunshot_083_d7fbf8711574f72a21ec3da7f14d3624.wav,26.8013894596,27.0613894596,gunshot
mixture_evaltest_gunshot_084_7bc91e462c8f29d8ed09f68718f98e70.wav,12.4743853421,12.9943853421,gunshot
mixture_evaltest_gunshot_085_491310bf1c8e44e135f302f41eb46a50.wav
mixture_evaltest_gunshot_086_929e372f24709eba15e8dd135b0d5c19.wav
mixture_evaltest_gunshot_087_190a31af232a4d171dc34013a500d499.wav
mixture_evaltest_gunshot_088_37a7f600d099df169ebec9b101c6aabc.wav,3.32797859337,5.60797859337,gunshot
mixture_evaltest_gunshot_089_f7f54b99ef88a63a4a4b446bdd81605d.wav,14.4483388071,14.7283388071,gunshot
mixture_evaltest_gunshot_090_000b143bd21afde84ae6e8907628d244.wav
mixture_evaltest_gunshot_091_949d2cb3b8d88bde5e217c014f70b5bc.wav,14.2050284766,14.4850284766,gunshot
mixture_evaltest_gunshot_092_c2ad87bf458196daa79de2e7e96a051b.wav
mixture_evaltest_gunshot_093_3868bbc55e26ee9e786f5ee8579e866f.wav
mixture_evaltest_gunshot_094_6cbceac014c59cd1d80409aef04a83cf.wav,12.3269478868,12.7669478868,gunshot
mixture_evaltest_gunshot_095_32f3375944d68dd9960e69729967c577.wav
mixture_evaltest_gunshot_096_5ecb0eb2c2215e2b767b8cedf8f6db8f.wav
mixture_evaltest_gunshot_097_d39bc09f10c35b1e0e31b3f0588e27e2.wav,3.32797859337,5.60797859337,gunshot
mixture_evaltest_gunshot_098_7e0c820f66419c6c4dd485649469702d.wav,10.2224126793,11.4624126793,gunshot
mixture_evaltest_gunshot_099_58323b76165720b85f0e43d971a8277a.wav,22.6610140219,23.0210140219,gunshot
mixture_evaltest_gunshot_100_9bf84a9df45f3c7420614f5841c1d76d.wav,17.0412144721,18.5812144721,gunshot
mixture_evaltest_gunshot_101_204292a65ead10e68c9356d14bfceca6.wav,4.57550199696,5.97550199696,gunshot
mixture_evaltest_gunshot_102_cafb1875fc7030501fba04161a868f05.wav
mixture_evaltest_gunshot_103_08065b46afbe09a23041c901d26e50ce.wav,3.76791959986,4.00791959986,gunshot
mixture_evaltest_gunshot_104_47456accf06d932e37f0a8fd4017e031.wav
mixture_evaltest_gunshot_105_ed4c694f060bc2923384619d59107a40.wav
mixture_evaltest_gunshot_106_0442b543ff5f8a78a81d02cd23621ee9.wav,22.6610140219,23.0210140219,gunshot
mixture_evaltest_gunshot_107_bf7cb470d6c337f7dda04f6b1574b6a1.wav
mixture_evaltest_gunshot_108_9ebc71830ebca3c0852360ec52008fcd.wav,3.76791959986,4.00791959986,gunshot
mixture_evaltest_gunshot_109_cfb8d212bc0ba56792874aa7802cd65c.wav
mixture_evaltest_gunshot_110_2ff5a42480ee1c5e79b086c95c33ff58.wav,24.7879813177,25.4079813177,gunshot
mixture_evaltest_gunshot_111_18742daaca944e44dff28088351addcf.wav
mixture_evaltest_gunshot_112_073b20b2adbc23a55be15a321bbd9592.wav
mixture_evaltest_gunshot_113_17cf9cd8beb5acaec026e2ec71adc2ac.wav,13.4252653356,13.9452653356,gunshot
mixture_evaltest_gunshot_114_52d1892c6280c6e39499fe5967847154.wav,2.65716125458,4.57716125458,gunshot
mixture_evaltest_gunshot_115_cc1385afef76ee9595e352103db3aa21.wav,18.6857340753,20.2457340753,gunshot
mixture_evaltest_gunshot_116_d769bf9ab27115338b94d3dc4776eda1.wav,6.96533589558,7.52533589558,gunshot
mixture_evaltest_gunshot_117_17f0210c7068fc06bf184361326c7f14.wav
mixture_evaltest_gunshot_118_6b30af0d659b662c5ed5fd9e4b7eda0a.wav,27.3254034901,27.5654034901,gunshot
mixture_evaltest_gunshot_119_a570e18a76b5957025558826ae9e44b1.wav,25.6733645831,25.9733645831,gunshot
mixture_evaltest_gunshot_120_2c7d4becb9ad0718931c27f56408aa46.wav
mixture_evaltest_gunshot_121_48fc7f5d5f70843b36c334cf9c17b832.wav,14.9823061157,16.5823061157,gunshot
mixture_evaltest_gunshot_122_d85c797341adc0e70155530788dab218.wav,8.43951480303,9.01951480303,gunshot
mixture_evaltest_gunshot_123_3e50ace5b3e8cd75f26242706ea002d5.wav
mixture_evaltest_gunshot_124_fad63e6dd7595a1f92147105f9f5058b.wav
mixture_evaltest_gunshot_125_d8f516d1d2c31b65283d13856a2424b3.wav
mixture_evaltest_gunshot_126_de3be22c5e2bd5466ca4e46216f5e0e3.wav
mixture_evaltest_gunshot_127_0aa840d5dbec52381ca86c34e2704287.wav
mixture_evaltest_gunshot_128_c0350d3ea60fe895d434678f8e5e93c5.wav
mixture_evaltest_gunshot_129_9792c0b25b54a57b5972ffe4f64f01b5.wav
mixture_evaltest_gunshot_130_cc68fd5ef6749155224132ca80c22db2.wav,26.8013894596,27.0613894596,gunshot
mixture_evaltest_gunshot_131_01f9ff4554bda77ba1787e7ed98b2f84.wav,26.9409098123,27.7009098123,gunshot
mixture_evaltest_gunshot_132_5951a1ff9e6473a109d8387a3b71d588.wav
mixture_evaltest_gunshot_133_9db0a2deca35bf660ab9f11a3e72afda.wav
mixture_evaltest_gunshot_134_5a3a5799e50a09224080eac5bf7e496f.wav,7.3640130101,9.2240130101,gunshot
mixture_evaltest_gunshot_135_04dda86bd7f68c307c3dbc67ec3d2829.wav,3.32797859337,5.60797859337,gunshot
mixture_evaltest_gunshot_136_5227ca1419e0a2c2ca6a217580170d94.wav
mixture_evaltest_gunshot_137_b7e810958927697f13349bcf3e291bc7.wav,17.0412144721,18.5812144721,gunshot
mixture_evaltest_gunshot_138_d8f516d1d2c31b65283d13856a2424b3.wav
mixture_evaltest_gunshot_139_52eb80b72dd86bdc747baf2a5c4a1982.wav
mixture_evaltest_gunshot_140_3868bbc55e26ee9e786f5ee8579e866f.wav
mixture_evaltest_gunshot_141_9feed2831b3cb233bf87870cb104454a.wav
mixture_evaltest_gunshot_142_18742daaca944e44dff28088351addcf.wav
mixture_evaltest_gunshot_143_cd07f165c0c80983afa72e114b346479.wav,8.43951480303,9.01951480303,gunshot
mixture_evaltest_gunshot_144_7b7de851e8bcf9858abfcae526d62a0c.wav
mixture_evaltest_gunshot_145_eecdd1b4d93822c2d82b92e3477a3438.wav
mixture_evaltest_gunshot_146_1cdff9e50ffbfd987d6b849c9ca6b111.wav
mixture_evaltest_gunshot_147_66b3affececa675022a7cc67712c2ac5.wav,16.062565426,16.902565426,gunshot
mixture_evaltest_gunshot_148_a91b9a6977b38ff867cdfa28db3b59eb.wav,17.0412144721,18.5812144721,gunshot
mixture_evaltest_gunshot_149_43c1a35bace9061122fdb8c098b46d31.wav,5.47191737966,5.89191737966,gunshot
mixture_evaltest_gunshot_150_2102148ef7867f0164c65a8554d6487e.wav
mixture_evaltest_gunshot_151_4b399ccee4631026958ef22b7fb3f8b6.wav,17.0412144721,18.5812144721,gunshot
mixture_evaltest_gunshot_152_84d50e9639560863397bd580540ef9f3.wav
mixture_evaltest_gunshot_153_a4a977f2c639a706eccc64c702a89802.wav
mixture_evaltest_gunshot_154_7afdbf5f31550ba18afb007ca5a40898.wav,3.32797859337,5.60797859337,gunshot
mixture_evaltest_gunshot_155_68df3a7551ac652d629fdb9ade14c4e6.wav,24.0064794178,24.5064794178,gunshot
mixture_evaltest_gunshot_156_930e0de2868b9c0b62d5c343ba2769b6.wav
mixture_evaltest_gunshot_157_f536476eac8d325d328075846afa1a67.wav
mixture_evaltest_gunshot_158_ad1c8e043bba4a436bad1fae533da1cb.wav
mixture_evaltest_gunshot_159_d0acaa2848320fd766ff45cb3278f784.wav
mixture_evaltest_gunshot_160_32f3375944d68dd9960e69729967c577.wav
mixture_evaltest_gunshot_161_bc8cb6396747db68e69d22f18102076e.wav,23.9192895659,25.9192895659,gunshot
mixture_evaltest_gunshot_162_70ac14596b1505c9b66691725318df7a.wav
mixture_evaltest_gunshot_163_5ce15de9ee9f4adc4da96532612ecebc.wav,24.7879813177,25.4079813177,gunshot
mixture_evaltest_gunshot_164_6e88168af1bc0916596f2d8b5070f1eb.wav,3.1632671572,3.9832671572,gunshot
mixture_evaltest_gunshot_165_3a4f2e450ef2d8f983c69b17e49c47ed.wav
mixture_evaltest_gunshot_166_f0fd78f1326440a54c9b5228f907afb7.wav
mixture_evaltest_gunshot_167_707c9cf31350aa6101b6622c4cc065be.wav
mixture_evaltest_gunshot_168_65c45f1a8ab7d35f64e15d00a543d93f.wav
mixture_evaltest_gunshot_169_2d6e7596baa989169d6f5b159086cb46.wav,29.3097878445,29.7297878445,gunshot
mixture_evaltest_gunshot_170_718038f085cc874e06a1609d3738478c.wav
mixture_evaltest_gunshot_171_1d103227a96aeee38d72850bd0e68b41.wav
mixture_evaltest_gunshot_172_b7dc587599f4cb9e1bfc28c13eff55ff.wav
mixture_evaltest_gunshot_173_4bb6bf5b0679bb20ca65df8bedb42e13.wav
mixture_evaltest_gunshot_174_10c7f46e36f31a55b7b296f81ea274c8.wav
mixture_evaltest_gunshot_175_7df99a9be01a689d51b17ef0eaf5a4f4.wav,12.3269478868,12.7669478868,gunshot
mixture_evaltest_gunshot_176_06188562669cb15144eeb060b913a2ea.wav,20.6692879131,21.7092879131,gunshot
mixture_evaltest_gunshot_177_0596546483b33a7f396d12e303653eb8.wav,3.1632671572,3.9832671572,gunshot
mixture_evaltest_gunshot_178_6c140a58537da5158fbc6639dc065a15.wav,24.7879813177,25.4079813177,gunshot
mixture_evaltest_gunshot_179_8ecdd92d0d424d7a5e2cab53573f7b37.wav,12.9409671069,13.9209671069,gunshot
mixture_evaltest_gunshot_180_df25aed11d88be20bd9166936057eeb2.wav,14.9467860036,15.4267860036,gunshot
mixture_evaltest_gunshot_181_b4893c60bc051d4effa8ebf373b95e72.wav,13.1467636678,13.5867636678,gunshot
mixture_evaltest_gunshot_182_0bda1fdbe63bb3ee5116c3918027a9c1.wav,29.1590634579,29.6590634579,gunshot
mixture_evaltest_gunshot_183_a438c09617233409495089677cfba354.wav,3.76791959986,4.00791959986,gunshot
mixture_evaltest_gunshot_184_97ebd10a56d9a72daefe0e94487d7d67.wav,26.8013894596,27.0613894596,gunshot
mixture_evaltest_gunshot_185_c05d9c6b94a08b173148c698574bba4b.wav
mixture_evaltest_gunshot_186_bf7cb470d6c337f7dda04f6b1574b6a1.wav
mixture_evaltest_gunshot_187_369f68185d17b86f33c89e59fbb09b4b.wav
mixture_evaltest_gunshot_188_945e174a8af0cf579e3b28f0bd7dba44.wav
mixture_evaltest_gunshot_189_d390446f63c4e7901c440f13faccd127.wav
mixture_evaltest_gunshot_190_9792c0b25b54a57b5972ffe4f64f01b5.wav
mixture_evaltest_gunshot_191_0a53ddd59cf388c2ee4d1b1f98a99910.wav,6.96533589558,7.52533589558,gunshot
mixture_evaltest_gunshot_192_7ccc0504e7a9a28ee4b363df257b0b28.wav
mixture_evaltest_gunshot_193_54b795320fd693c68be4b73c25296a29.wav,13.7151471476,14.1151471476,gunshot
mixture_evaltest_gunshot_194_2f8712332da25804318a568476a87054.wav,14.1209307584,15.1809307584,gunshot
mixture_evaltest_gunshot_195_ab074c0513535eba54c4e2d7ce65762d.wav,23.6063185866,24.2263185866,gunshot
mixture_evaltest_gunshot_196_796df70596c8c2cc51778209fbdae35d.wav,3.32797859337,5.60797859337,gunshot
mixture_evaltest_gunshot_197_9792c0b25b54a57b5972ffe4f64f01b5.wav
mixture_evaltest_gunshot_198_70ac14596b1505c9b66691725318df7a.wav
mixture_evaltest_gunshot_199_1ab2b700c33baf5a087c0b82a7a90f59.wav,29.3097878445,29.7297878445,gunshot
mixture_evaltest_gunshot_200_38d028c93abcd5f173c0f63d179ed9b0.wav
mixture_evaltest_gunshot_201_0891e3ebd62c7d3d68fc02ef31f8afde.wav
mixture_evaltest_gunshot_202_7eb0ddf1d1dba7cdc8ca8967ce4a8d1c.wav,17.8947968166,18.3347968166,gunshot
mixture_evaltest_gunshot_203_cafb1875fc7030501fba04161a868f05.wav
mixture_evaltest_gunshot_204_25ea624a081b02d7ec7efdce1babb410.wav
mixture_evaltest_gunshot_205_65c45f1a8ab7d35f64e15d00a543d93f.wav
mixture_evaltest_gunshot_206_a08f6aeb136105dc09902f0e7b133c02.wav,10.1385629812,10.6385629812,gunshot
mixture_evaltest_gunshot_207_80c749f157aad0666bbf69a0756fccb4.wav
mixture_evaltest_gunshot_208_d985368362bf832c10c6f529969d39f2.wav
mixture_evaltest_gunshot_209_cb5aea63ff2b484f0616c4d3f63afda6.wav
mixture_evaltest_gunshot_210_c051fad8c8158dcd030122784f1c69f7.wav,18.6857340753,20.2457340753,gunshot
mixture_evaltest_gunshot_211_b6e60859ede75c9128ff14a16ce3e669.wav
mixture_evaltest_gunshot_212_6a81e488dc07b7618221d8fb8b469695.wav
mixture_evaltest_gunshot_213_02e2c2cf3dd650e2cfcfa401157b88c7.wav,2.22635698755,2.48635698755,gunshot
mixture_evaltest_gunshot_214_1253db60f4507c4a2cf440e060008d32.wav
mixture_evaltest_gunshot_215_32e08fb0f14799385cc131bb186941fc.wav,14.2050284766,14.4850284766,gunshot
mixture_evaltest_gunshot_216_57f35e071342454ff5e51b22ba611b9d.wav
mixture_evaltest_gunshot_217_3f9b00cf7172d45cf23f6142a90c21e1.wav,16.5345455242,16.9545455242,gunshot
mixture_evaltest_gunshot_218_3782064d387e20d38d3c45d7af263ce2.wav,13.7151471476,14.1151471476,gunshot
mixture_evaltest_gunshot_219_e4590a6093f2f39b9e72e3c9e6893c6c.wav,29.3097878445,29.7297878445,gunshot
mixture_evaltest_gunshot_220_358ec38fc7681d8e622fdc232c5c2697.wav
mixture_evaltest_gunshot_221_ce04acc9b5f97eb2f1eb9894a0d3be6f.wav,26.8013894596,27.0613894596,gunshot
mixture_evaltest_gunshot_222_1b2ff8f1d945b2e846b15cbf10b30d0c.wav,12.3269478868,12.7669478868,gunshot
mixture_evaltest_gunshot_223_570d05fc9bcfd729c152ae1577eb79fd.wav,13.5696983648,15.3496983648,gunshot
mixture_evaltest_gunshot_224_12b62b9bd8c99c9fdd7351abcafeb6e8.wav
mixture_evaltest_gunshot_225_83711d70718b8e8c26004a878178ef7d.wav,18.0239693631,19.2039693631,gunshot
mixture_evaltest_gunshot_226_8cdfdddfff2d190235128e23dcb8d74b.wav,2.22635698755,2.48635698755,gunshot
mixture_evaltest_gunshot_227_dacc974d99466eb57f6771dc634ce09a.wav,18.3249950537,18.5849950537,gunshot
mixture_evaltest_gunshot_228_b971d8420f7b53e02a2a934ff3adc0a9.wav,22.7317945748,23.8717945748,gunshot
mixture_evaltest_gunshot_229_fff091735279124ec21e23290df8e1f6.wav,8.22553077817,8.58553077817,gunshot
mixture_evaltest_gunshot_230_525407be1507038ee2e395f21f8c1859.wav
mixture_evaltest_gunshot_231_d7973fce0c4694dc583f3cfe6c2872c6.wav
mixture_evaltest_gunshot_232_5710fdce002fa149a191481b208c38df.wav,8.57568134161,8.87568134161,gunshot
mixture_evaltest_gunshot_233_2127e0653a25b8819ed7e418fa7f2d24.wav
mixture_evaltest_gunshot_234_5e87e27051dabf569ff0e73fbb7e38aa.wav,22.8945421524,23.9945421524,gunshot
mixture_evaltest_gunshot_235_ca1392b62989a002dd534a3839014f5f.wav
mixture_evaltest_gunshot_236_a4151ab078f6c12346eef3981bf0ccfa.wav
mixture_evaltest_gunshot_237_32f3375944d68dd9960e69729967c577.wav
mixture_evaltest_gunshot_238_48b8bfe8caf89970a1716cde00be8393.wav,10.2224126793,11.4624126793,gunshot
mixture_evaltest_gunshot_239_a29139b2e7598c9bc603d6fbbc5535ce.wav
mixture_evaltest_gunshot_240_35c7bc20a21ec8fbb7097c6fb71487b5.wav
mixture_evaltest_gunshot_241_d195ce4540003cc48cb661e4bc25d998.wav,23.6063185866,24.2263185866,gunshot
mixture_evaltest_gunshot_242_aa1c22f43ece832192edb65c3de7027b.wav
mixture_evaltest_gunshot_243_63e226747f38dca1715f56eb409f6120.wav
mixture_evaltest_gunshot_244_1b689cd8a20f4a9cf85459f0d2f690ac.wav,20.6692879131,21.7092879131,gunshot
mixture_evaltest_gunshot_245_e468e72b91001e8c0c42ab89a8217bbb.wav,26.1022648584,26.9222648584,gunshot
mixture_evaltest_gunshot_246_e47376c2703da4ea4edd287c21fc804c.wav,22.6610140219,23.0210140219,gunshot
mixture_evaltest_gunshot_247_1dac8b96954d7d6d385267bed103a45f.wav
mixture_evaltest_gunshot_248_0b880a8d86aaa58695688da2b5e810d5.wav
mixture_evaltest_gunshot_249_1960021beaaad83fc7dbaacc14710cfc.wav,4.85670693622,5.19670693622,gunshot
mixture_evaltest_gunshot_250_cfb8d212bc0ba56792874aa7802cd65c.wav
mixture_evaltest_gunshot_251_c14a9af6506554da272fa315ea3a5a12.wav
mixture_evaltest_gunshot_252_9a92e2efbb048fb4a57d23efb5afe86c.wav,23.9192895659,25.9192895659,gunshot
mixture_evaltest_gunshot_253_0bc46da2c2ea87386534a3781c857f08.wav,22.7317945748,23.8717945748,gunshot
mixture_evaltest_gunshot_254_60e5b767deeffcd2eb5de9afefbf991c.wav,26.004443994,27.284443994,gunshot
mixture_evaltest_gunshot_255_c0eed6ef45d960e126c02cacdfeb831a.wav
mixture_evaltest_gunshot_256_2102148ef7867f0164c65a8554d6487e.wav
mixture_evaltest_gunshot_257_c14a9af6506554da272fa315ea3a5a12.wav
mixture_evaltest_gunshot_258_39c4b840994d814293441bba7219bcb2.wav,26.22774145,26.44774145,gunshot
mixture_evaltest_gunshot_259_e0da956f691e274817238d8d92b5dfbd.wav
mixture_evaltest_gunshot_260_e210d388291f089541a2161309b1fbe3.wav
mixture_evaltest_gunshot_261_c861f90324f953f1d8796f01f09f0ba0.wav,22.8945421524,23.9945421524,gunshot
mixture_evaltest_gunshot_262_da13276b5bb273ebf2de9db29ab868b2.wav,11.1643251084,12.9043251084,gunshot
mixture_evaltest_gunshot_263_5d6ca9ca4b3c54256ba6c247288fe19b.wav,24.0064794178,24.5064794178,gunshot
mixture_evaltest_gunshot_264_ce2dec724d17a1fe307d4ad646eeb65c.wav,3.76791959986,4.00791959986,gunshot
mixture_evaltest_gunshot_265_d985368362bf832c10c6f529969d39f2.wav
mixture_evaltest_gunshot_266_ec4db075bcf8b48b2ce12be5e012f8e2.wav
mixture_evaltest_gunshot_267_3a1505fb4b772c62092f1c430ad28ad9.wav
mixture_evaltest_gunshot_268_4bb6bf5b0679bb20ca65df8bedb42e13.wav
mixture_evaltest_gunshot_269_7c3249c7c7fb7abf190e89b26fd707ae.wav
mixture_evaltest_gunshot_270_e44d73b707e2f00cce13545e3c4c0c10.wav
mixture_evaltest_gunshot_271_0e4cc0e266eb130de3242d578f9e463b.wav
mixture_evaltest_gunshot_272_6a2022d2450d9ce96e28427299d455ac.wav,8.13260445853,9.35260445853,gunshot
mixture_evaltest_gunshot_273_4224e744d0e8b9b76bff4e3950d44580.wav,16.062565426,16.902565426,gunshot
mixture_evaltest_gunshot_274_0dba3f80e42af9d6ddb1dc055da5232b.wav
mixture_evaltest_gunshot_275_f679c6c1e1c08524d37bca93c4ec3dbc.wav,22.7317945748,23.8717945748,gunshot
mixture_evaltest_gunshot_276_2707576d6450696abaf1799e1b1cfbc7.wav,18.3761308851,18.5761308851,gunshot
mixture_evaltest_gunshot_277_d311b606a97feacb1d61b225d91676b1.wav,22.8945421524,23.9945421524,gunshot
mixture_evaltest_gunshot_278_07109bc6dbb8e13053c6c6181df5f5ab.wav
mixture_evaltest_gunshot_279_3a9a25df60204a78ab14660d08e9c979.wav,14.1209307584,15.1809307584,gunshot
mixture_evaltest_gunshot_280_7ccc0504e7a9a28ee4b363df257b0b28.wav
mixture_evaltest_gunshot_281_02336f609fda131a1f5547d3fc146b3f.wav,29.1915974133,29.6315974133,gunshot
mixture_evaltest_gunshot_282_aed3add0b4a7da5b08542b6bf2f8a022.wav,22.8945421524,23.9945421524,gunshot
mixture_evaltest_gunshot_283_04a6c0343f51baff61bd2f2b47c5c19b.wav
mixture_evaltest_gunshot_284_9ddab600e531dac37edfa54402f8778c.wav
mixture_evaltest_gunshot_285_f0b115633862b64e060576f0e0fe8f26.wav,11.66006034,12.30006034,gunshot
mixture_evaltest_gunshot_286_5cd6807bd5885251604b249aed9ae4b7.wav
mixture_evaltest_gunshot_287_b07a92e9cb12a446e9e63c458c38b2b3.wav,11.1643251084,12.9043251084,gunshot
mixture_evaltest_gunshot_288_104de0d29e0ecf7a72f5cbd6485bec0e.wav,26.1022648584,26.9222648584,gunshot
mixture_evaltest_gunshot_289_9fbd7ddf36e9945250df7700e45f666f.wav,22.7317945748,23.8717945748,gunshot
mixture_evaltest_gunshot_290_9db0a2deca35bf660ab9f11a3e72afda.wav
mixture_evaltest_gunshot_291_f5ca6ab4416694b7aa1e973364683d7b.wav
mixture_evaltest_gunshot_292_d88e093e6587625d9bbc4a7e1e26f60b.wav,5.77137142057,6.33137142057,gunshot
mixture_evaltest_gunshot_293_ea9d9e64bbd3a54b4e2901945e0cb059.wav,27.7698419949,28.0098419949,gunshot
mixture_evaltest_gunshot_294_3bbbae40e22a845c7e713dc8b88dd092.wav,27.3254034901,27.5654034901,gunshot
mixture_evaltest_gunshot_295_4bb6bf5b0679bb20ca65df8bedb42e13.wav
mixture_evaltest_gunshot_296_dde8f84c9eead8bcd13c5896844ea2ac.wav,10.1385629812,10.6385629812,gunshot
mixture_evaltest_gunshot_297_be545bd46dd3e4ac60bdf19248e0e09d.wav
mixture_evaltest_gunshot_298_aa06ce986330035ee356cfe3e1951ba3.wav
mixture_evaltest_gunshot_299_7dd9c08d2915185b36dd923684078848.wav,18.377016768,18.997016768,gunshot
mixture_evaltest_gunshot_300_8ac66a717d5eb63921302cae41987bdf.wav
mixture_evaltest_gunshot_301_cdea970ab9f21380d25c7d4b0c443996.wav,24.1982922724,24.5182922724,gunshot
mixture_evaltest_gunshot_302_76f88a6a52d8018a290134071cc2f5bd.wav,18.0239693631,19.2039693631,gunshot
mixture_evaltest_gunshot_303_f2db5d5c2a2971575d01aba59cf5eea5.wav
mixture_evaltest_gunshot_304_04ca7411a74e16531f0791f02a37bd36.wav,29.3097878445,29.7297878445,gunshot
mixture_evaltest_gunshot_305_a529a65ae70bee34c484fe410ac188d2.wav,12.9903932232,13.2303932232,gunshot
mixture_evaltest_gunshot_306_f40e911b96e019f79c20eafcd2ca6a15.wav,26.22774145,26.44774145,gunshot
mixture_evaltest_gunshot_307_e644873c01c17133a37426b3a966e8d7.wav,8.43951480303,9.01951480303,gunshot
mixture_evaltest_gunshot_308_e30316b55f19d2e926174a969f1b9e0a.wav
mixture_evaltest_gunshot_309_d6cb4ac6540afbc204b3b78e5cc7170a.wav
mixture_evaltest_gunshot_310_625544ff271e6bd2c7f657fcda1ba7a3.wav,11.4581594607,11.7781594607,gunshot
mixture_evaltest_gunshot_311_19222c4ef64cf42ed92e753f25741405.wav,2.65716125458,4.57716125458,gunshot
mixture_evaltest_gunshot_312_f2db5d5c2a2971575d01aba59cf5eea5.wav
mixture_evaltest_gunshot_313_d28485c98fb5fb30113a1ea5a3c3b3f8.wav
mixture_evaltest_gunshot_314_2686612648ffa980708d5620ade0692f.wav,8.43951480303,9.01951480303,gunshot
mixture_evaltest_gunshot_315_3a33a76d10e9a480a2394f03cca90aff.wav
mixture_evaltest_gunshot_316_8bbc0ff93aceab94ae127ae605615867.wav,22.6610140219,23.0210140219,gunshot
mixture_evaltest_gunshot_317_16b4954347d4ac36a9dd9fef4d38487b.wav,8.43951480303,9.01951480303,gunshot
mixture_evaltest_gunshot_318_ff5b3d370d9044980cec8519d844ebea.wav,20.6692879131,21.7092879131,gunshot
mixture_evaltest_gunshot_319_3c22eb266c32105cffedcc3c8f4ea8b7.wav
mixture_evaltest_gunshot_320_30688b39d2307629ad4e4304d0987a56.wav,13.5696983648,15.3496983648,gunshot
mixture_evaltest_gunshot_321_6d20b13e9be5ee3cf7b5cb8b16c5ebe5.wav
mixture_evaltest_gunshot_322_cdd4573af8ab713ae7552971440eda67.wav,26.22774145,26.44774145,gunshot
mixture_evaltest_gunshot_323_64be6d1d719bf56afb68b9cec3aad178.wav,18.3249950537,18.5849950537,gunshot
mixture_evaltest_gunshot_324_901b4def50680e88b88e4ce40c026b08.wav
mixture_evaltest_gunshot_325_d994fd46be34252235f2cf422537c568.wav
mixture_evaltest_gunshot_326_62ea856269c85d031e4697f310a612af.wav
mixture_evaltest_gunshot_327_bdcb8a004594adefe5ee6a1d812a6ada.wav,12.0290927701,14.0490927701,gunshot
mixture_evaltest_gunshot_328_00f888757354dcde8690039f7169aee2.wav,14.2050284766,14.4850284766,gunshot
mixture_evaltest_gunshot_329_e8d4d2fb0c36bb16692ddc18e1f55eb8.wav,26.8013894596,27.0613894596,gunshot
mixture_evaltest_gunshot_330_43d6804900248cdab544406862c805ac.wav,12.9903932232,13.2303932232,gunshot
mixture_evaltest_gunshot_331_9f05a86b439e14550e69cb2a86d58d4f.wav,17.8947968166,18.3347968166,gunshot
mixture_evaltest_gunshot_332_b61456b3a3e9a3df925a0eec0080801d.wav,10.1385629812,10.6385629812,gunshot
mixture_evaltest_gunshot_333_da07e6c32698478ed76307a33faf8181.wav,20.0687029305,21.3687029305,gunshot
mixture_evaltest_gunshot_334_cb5aea63ff2b484f0616c4d3f63afda6.wav
mixture_evaltest_gunshot_335_72de1ee0f2f18ee174b5aba525c420aa.wav,18.3761308851,18.5761308851,gunshot
mixture_evaltest_gunshot_336_a872a1480da790e3dd0533cee3710b74.wav
mixture_evaltest_gunshot_337_b6fbf1dcf100211ff7160d6fe55ae1da.wav
mixture_evaltest_gunshot_338_5e6334ed86acfc28527964a3065f4aa7.wav,2.65716125458,4.57716125458,gunshot
mixture_evaltest_gunshot_339_dede9f80c629912114581ba3af1ac2cc.wav
mixture_evaltest_gunshot_340_2c7d4becb9ad0718931c27f56408aa46.wav
mixture_evaltest_gunshot_341_3923ba74c089172847b6215031acce8e.wav
mixture_evaltest_gunshot_342_9b0c24ad05a0059f86eb7421d7d43ad1.wav
mixture_evaltest_gunshot_343_413f9a01302990c7ee137d007b83a7ed.wav
mixture_evaltest_gunshot_344_c3fba1d359001761db8f41fe4e5059c9.wav,23.6199531079,24.1399531079,gunshot
mixture_evaltest_gunshot_345_3e50ace5b3e8cd75f26242706ea002d5.wav
mixture_evaltest_gunshot_346_c563b8093fc86a93ede25a91710db0f6.wav,16.062565426,16.902565426,gunshot
mixture_evaltest_gunshot_347_ecc73f562ce5f87aad2398081de62e7f.wav
mixture_evaltest_gunshot_348_073b20b2adbc23a55be15a321bbd9592.wav
mixture_evaltest_gunshot_349_ac9b999981e71c18a8b5150bdcb536ed.wav,25.6733645831,25.9733645831,gunshot
mixture_evaltest_gunshot_350_fcc2a04fb4c225afa830a348f0f578aa.wav
mixture_evaltest_gunshot_351_5530f18f386e3028703f7932b5a3f7a3.wav
mixture_evaltest_gunshot_352_53677fa5fcad15598a433a0ba94c9677.wav
mixture_evaltest_gunshot_353_d7cb8e83375ab494f7e500493a601859.wav,2.22635698755,2.48635698755,gunshot
mixture_evaltest_gunshot_354_d0339f801fafac4621e351c70aac1b97.wav
mixture_evaltest_gunshot_355_fe92cb382cd6da0bef97017027e9cdf3.wav
mixture_evaltest_gunshot_356_0fa405debe9e26e902392553fc8b3623.wav
mixture_evaltest_gunshot_357_18dbbb1b98123a3231fe3c98dad900a5.wav,2.65716125458,4.57716125458,gunshot
mixture_evaltest_gunshot_358_ec4f6e844246a7ace7defb0f9dadf3cb.wav
mixture_evaltest_gunshot_359_aeccf52a1374625d246b6b4f3de0ac5a.wav,2.72261937992,3.24261937992,gunshot
mixture_evaltest_gunshot_360_cb5aea63ff2b484f0616c4d3f63afda6.wav
mixture_evaltest_gunshot_361_53354a65d5caadc898096b57d095d6a0.wav
mixture_evaltest_gunshot_362_313f0844ca0a2a90bef1b3e29a57ebfe.wav,13.5696983648,15.3496983648,gunshot
mixture_evaltest_gunshot_363_00215579fa266ab2552414436d4c45f4.wav,6.96533589558,7.52533589558,gunshot
mixture_evaltest_gunshot_364_dc66a11d0bc5db99bd0d6bbc3325f0b8.wav
mixture_evaltest_gunshot_365_9feed2831b3cb233bf87870cb104454a.wav
mixture_evaltest_gunshot_366_72471a3a502e0272b26064224fd2b7f5.wav
mixture_evaltest_gunshot_367_bf7cb470d6c337f7dda04f6b1574b6a1.wav
mixture_evaltest_gunshot_368_cc64d4a1aa4cc5b2cad84c9f7ccca216.wav,10.2224126793,11.4624126793,gunshot
mixture_evaltest_gunshot_369_19f7328c37015a292f28c61d0a39a70c.wav
mixture_evaltest_gunshot_370_35c7bc20a21ec8fbb7097c6fb71487b5.wav
mixture_evaltest_gunshot_371_03b0f4daff6d93fa6889c4b11256d84a.wav,11.4581594607,11.7781594607,gunshot
mixture_evaltest_gunshot_372_2c464a2e392f6b1038412609f1f87451.wav,23.6063185866,24.2263185866,gunshot
mixture_evaltest_gunshot_373_707c9cf31350aa6101b6622c4cc065be.wav
mixture_evaltest_gunshot_374_2b16e4c41411c08beade90ff64238014.wav,24.296137301,25.556137301,gunshot
mixture_evaltest_gunshot_375_fa698e7fba20027bfc86d461eff5b7e5.wav,8.57568134161,8.87568134161,gunshot
mixture_evaltest_gunshot_376_892edecf2eae808e65a8346911c60d3b.wav
mixture_evaltest_gunshot_377_c0df4a921318782b2f9254345790f054.wav
mixture_evaltest_gunshot_378_6feec58639792a4c21859d5a176ef431.wav
mixture_evaltest_gunshot_379_f3c76aeb27dcd876d177d21ac3abd964.wav,3.76791959986,4.00791959986,gunshot
mixture_evaltest_gunshot_380_512917b23507a1bc8eb8225ba4be3249.wav,7.3640130101,9.2240130101,gunshot
mixture_evaltest_gunshot_381_c244b67ea17c1f120e54eefb9709a94f.wav,26.1022648584,26.9222648584,gunshot
mixture_evaltest_gunshot_382_53ed9e6d129169338b7190996aae5e7e.wav,29.3097878445,29.7297878445,gunshot
mixture_evaltest_gunshot_383_1a2b0248fdac559cec80db3b693df532.wav,20.6692879131,21.7092879131,gunshot
mixture_evaltest_gunshot_384_d8f516d1d2c31b65283d13856a2424b3.wav
mixture_evaltest_gunshot_385_aa06ce986330035ee356cfe3e1951ba3.wav
mixture_evaltest_gunshot_386_f7da88cba547e8ebf7b40db9e0213d1c.wav
mixture_evaltest_gunshot_387_c05d9c6b94a08b173148c698574bba4b.wav
mixture_evaltest_gunshot_388_2d670cfc2063aa7b566b1ae1eca09b7c.wav
mixture_evaltest_gunshot_389_61d5ca51614f68a2d707afdcbafc27c4.wav
mixture_evaltest_gunshot_390_a2bfb50230450d6935adf849bb50916c.wav
mixture_evaltest_gunshot_391_85187d00b4b9ad4a0f411b42878db59f.wav,12.4743853421,12.9943853421,gunshot
mixture_evaltest_gunshot_392_a2489933b4b487489835c560498214a7.wav
mixture_evaltest_gunshot_393_3ffe5cd10619c0d7966eef298874c141.wav
mixture_evaltest_gunshot_394_0282075b91d06a3baa0e9fda24c5f2a4.wav
mixture_evaltest_gunshot_395_0960b32f20916cc03973882f9d22236c.wav,8.13260445853,9.35260445853,gunshot
mixture_evaltest_gunshot_396_ecb7ebc5045ae33c861ceadcdc39e95d.wav
mixture_evaltest_gunshot_397_05563e5b684a2c3bb3855fc99084e090.wav
mixture_evaltest_gunshot_398_fdbc79a9c7616fce58b4e6e8b7691127.wav,13.4252653356,13.9452653356,gunshot
mixture_evaltest_gunshot_399_0570051356bfbb2cce16ef958250c949.wav,14.2050284766,14.4850284766,gunshot
mixture_evaltest_gunshot_400_9a3698d5856ea9bae041de8a3ff3c55f.wav,14.1209307584,15.1809307584,gunshot
mixture_evaltest_gunshot_401_ebdb0f01ac8a9215c5e7e43a3c4b4e38.wav
mixture_evaltest_gunshot_402_af4dc200b6e83182f347ee468b5c7cd2.wav
mixture_evaltest_gunshot_403_c49158efd1f7d989f9bc2d5cd18e64fd.wav
mixture_evaltest_gunshot_404_cfb8d212bc0ba56792874aa7802cd65c.wav
mixture_evaltest_gunshot_405_cd6ad2363e18679f51342d2df0f8bded.wav,8.43951480303,9.01951480303,gunshot
mixture_evaltest_gunshot_406_1b8cec3ebbbdd09e5548d93949895af0.wav
mixture_evaltest_gunshot_407_40c4d08398bbf9d1609fdef47480e327.wav
mixture_evaltest_gunshot_408_0cc1186adeffec5ecb8e2aedc0ac5860.wav,14.4483388071,14.7283388071,gunshot
mixture_evaltest_gunshot_409_f536476eac8d325d328075846afa1a67.wav
mixture_evaltest_gunshot_410_d3f5b987b6d45de8aee41108eb55c74a.wav,14.0703055141,15.7103055141,gunshot
mixture_evaltest_gunshot_411_defb20e475338607c86d54e3f08d10ed.wav,3.32797859337,5.60797859337,gunshot
mixture_evaltest_gunshot_412_90a5f6d608e8e01511dae366a89ffdcd.wav
mixture_evaltest_gunshot_413_809d27b667b151eca0bd0eddd987d1c4.wav
mixture_evaltest_gunshot_414_259bcc20aa36899e225998341d952201.wav,26.004443994,27.284443994,gunshot
mixture_evaltest_gunshot_415_b31f897c292afcf1407ccf02dac43014.wav
mixture_evaltest_gunshot_416_3002d1476bb9311cc365038e0fc5d87f.wav,26.1022648584,26.9222648584,gunshot
mixture_evaltest_gunshot_417_f5a68c11b409d52af10f5c147960021c.wav
mixture_evaltest_gunshot_418_4a84c1133c82b3e0c1ae8dc98b62b2d8.wav,11.1643251084,12.9043251084,gunshot
mixture_evaltest_gunshot_419_856a54dd1d4ebad4f7cfc1d484db0390.wav,9.44844323584,10.9084432358,gunshot
mixture_evaltest_gunshot_420_1dbaed777dcedd4e3343ffe6723e4be3.wav,23.9192895659,25.9192895659,gunshot
mixture_evaltest_gunshot_421_b7203b0f51e6eaa1ee6e21c6e533d43d.wav
mixture_evaltest_gunshot_422_ee05206410b494bdedeee246ea742a0f.wav,26.8013894596,27.0613894596,gunshot
mixture_evaltest_gunshot_423_0ceabd329fea9a7e7135e6da32b31d83.wav,24.1982922724,24.5182922724,gunshot
mixture_evaltest_gunshot_424_6bc7ce3de687324fae214bcc3d9deb97.wav
mixture_evaltest_gunshot_425_4d014fb6ffee4603103492ae40df2c07.wav,22.7317945748,23.8717945748,gunshot
mixture_evaltest_gunshot_426_5dfe9e41171f3a49c720cb8c9e4791a5.wav,2.22635698755,2.48635698755,gunshot
mixture_evaltest_gunshot_427_9440e3c6f20260dc148529910981819f.wav
mixture_evaltest_gunshot_428_a57f792a50ffb934d4979a060bbd8a53.wav
mixture_evaltest_gunshot_429_aa1c22f43ece832192edb65c3de7027b.wav
mixture_evaltest_gunshot_430_fcc2a04fb4c225afa830a348f0f578aa.wav
mixture_evaltest_gunshot_431_32f3375944d68dd9960e69729967c577.wav
mixture_evaltest_gunshot_432_27c9d6bc49ae016c9e8dc20b76895f78.wav,22.6610140219,23.0210140219,gunshot
mixture_evaltest_gunshot_433_0a9a6011e944b08b527683e49d55ff74.wav,12.0290927701,14.0490927701,gunshot
mixture_evaltest_gunshot_434_4b99ddf2b8a66c35a4cccabc3eea3a97.wav,12.9409671069,13.9209671069,gunshot
mixture_evaltest_gunshot_435_4c40942e8c1f4990ca72ba77fcf2da9e.wav
mixture_evaltest_gunshot_436_8f71134a16bca0778609f7ee304b8226.wav
mixture_evaltest_gunshot_437_060925c3b57b0a4f76fc27803c5391f0.wav
mixture_evaltest_gunshot_438_907796d408f519c2f1a8d21ca55b8cca.wav,24.3839527698,24.6639527698,gunshot
mixture_evaltest_gunshot_439_e44d73b707e2f00cce13545e3c4c0c10.wav
mixture_evaltest_gunshot_440_2a75935b15d96a07146abf6b866512aa.wav,12.3269478868,12.7669478868,gunshot
mixture_evaltest_gunshot_441_e0da956f691e274817238d8d92b5dfbd.wav
mixture_evaltest_gunshot_442_ec4f6e844246a7ace7defb0f9dadf3cb.wav
mixture_evaltest_gunshot_443_f8c28169fd32c64009f8a55fc94764aa.wav,23.6063185866,24.2263185866,gunshot
mixture_evaltest_gunshot_444_8677106ef6b8495fa26f9d8740ac8e15.wav,24.296137301,25.556137301,gunshot
mixture_evaltest_gunshot_445_9feed2831b3cb233bf87870cb104454a.wav
mixture_evaltest_gunshot_446_ca2cf08577809312202f232f7e6ef5cc.wav,6.96533589558,7.52533589558,gunshot
mixture_evaltest_gunshot_447_caf128ed695113450267844a9a77a940.wav,20.6692879131,21.7092879131,gunshot
mixture_evaltest_gunshot_448_89e80a662a6892e3c4ec9b40d1564204.wav,10.1385629812,10.6385629812,gunshot
mixture_evaltest_gunshot_449_80c749f157aad0666bbf69a0756fccb4.wav
mixture_evaltest_gunshot_450_718038f085cc874e06a1609d3738478c.wav
mixture_evaltest_gunshot_451_7a8524ea1ad916ec5a2b005af07e0211.wav
mixture_evaltest_gunshot_452_9b0c24ad05a0059f86eb7421d7d43ad1.wav
mixture_evaltest_gunshot_453_bc624b1e38cf9d8e6de76e728f1c7252.wav,2.53528101701,4.13528101701,gunshot
mixture_evaltest_gunshot_454_33e0993a9714c7106ed2f9e96ed7dbe6.wav,17.3490726513,19.5290726513,gunshot
mixture_evaltest_gunshot_455_4bc4fc2da7ed0e24ee846ae447c146fa.wav,2.65716125458,4.57716125458,gunshot
mixture_evaltest_gunshot_456_d4a3d8cf921bd91efbf6942832627d70.wav
mixture_evaltest_gunshot_457_a276523ae40e9cc2fe2177c11f01dd5d.wav
mixture_evaltest_gunshot_458_221b3a2322f4c8c04ee4ce0d58a0e26f.wav
mixture_evaltest_gunshot_459_8493731581db0f0f9a19b235e8f6ba1f.wav
mixture_evaltest_gunshot_460_0df9a3e3e016af7d75b6fcd630e6397b.wav
mixture_evaltest_gunshot_461_ba8e84a8770a9fbc5e4ac2995eccb668.wav,13.1467636678,13.5867636678,gunshot
mixture_evaltest_gunshot_462_e157f569db5a5099ab41098a727b0ca3.wav,26.8013894596,27.0613894596,gunshot
mixture_evaltest_gunshot_463_aa06ce986330035ee356cfe3e1951ba3.wav
mixture_evaltest_gunshot_464_d1fc9ef3fbacefa551cf8d278b2548c5.wav,13.1467636678,13.5867636678,gunshot
mixture_evaltest_gunshot_465_568ba14955412dcb1e8b37407026f738.wav
mixture_evaltest_gunshot_466_68ad378c08a63ff99140223e35dd0cab.wav,3.1632671572,3.9832671572,gunshot
mixture_evaltest_gunshot_467_b1c8bcce652e23884938162dc873e93f.wav,13.7151471476,14.1151471476,gunshot
mixture_evaltest_gunshot_468_8a908f3e269991d36664f8007d4d38ab.wav,4.85670693622,5.19670693622,gunshot
mixture_evaltest_gunshot_469_3a4d24a4634f0fdd9a03f8a6e85c1f32.wav
mixture_evaltest_gunshot_470_e6b94ad61c2a40ea161cf3698c94c966.wav,22.8945421524,23.9945421524,gunshot
mixture_evaltest_gunshot_471_9841bc2765e3b22bfae353e2dfb1e43c.wav
mixture_evaltest_gunshot_472_1cdff9e50ffbfd987d6b849c9ca6b111.wav
mixture_evaltest_gunshot_473_d43023a9c8be3af808faaab32179e0e8.wav
mixture_evaltest_gunshot_474_904adb92739280741a43d7c9ee32e930.wav
mixture_evaltest_gunshot_475_729037c3cf525e5796cb57c4fa4bebfb.wav
mixture_evaltest_gunshot_476_cd0c94376f67ff40769613352e418e82.wav,10.1385629812,10.6385629812,gunshot
mixture_evaltest_gunshot_477_74f8442243f72198da6c331e2a8a569e.wav,3.76791959986,4.00791959986,gunshot
mixture_evaltest_gunshot_478_465b0c8cc2c00728febd21146011f545.wav
mixture_evaltest_gunshot_479_96cfc9822829fc30ad17ee05458cf80f.wav,3.32797859337,5.60797859337,gunshot
mixture_evaltest_gunshot_480_758d54f0493a25aab43fa6f974ada751.wav,24.1982922724,24.5182922724,gunshot
mixture_evaltest_gunshot_481_0dba3f80e42af9d6ddb1dc055da5232b.wav
mixture_evaltest_gunshot_482_1960021beaaad83fc7dbaacc14710cfc.wav,4.85670693622,5.19670693622,gunshot
mixture_evaltest_gunshot_483_4c40942e8c1f4990ca72ba77fcf2da9e.wav
mixture_evaltest_gunshot_484_a18f1a5dc1bbcb24e6c0f071d589714b.wav,3.76791959986,4.00791959986,gunshot
mixture_evaltest_gunshot_485_1b14c559173eaaea6f92829a4758527d.wav
mixture_evaltest_gunshot_486_53354a65d5caadc898096b57d095d6a0.wav
mixture_evaltest_gunshot_487_ff39691944039918fc25291eab952fca.wav,7.3640130101,9.2240130101,gunshot
mixture_evaltest_gunshot_488_16b4845d11e7e1b42fcaf4b52f19dc0b.wav,11.66006034,12.30006034,gunshot
mixture_evaltest_gunshot_489_cafb1875fc7030501fba04161a868f05.wav
mixture_evaltest_gunshot_490_230f021c9f5fd6aabb17a7530e7313ad.wav,14.2050284766,14.4850284766,gunshot
mixture_evaltest_gunshot_491_b585a236d29f381e16d625b455063b3e.wav,13.1467636678,13.5867636678,gunshot
mixture_evaltest_gunshot_492_89bfac6f1cab2a375882eed559072fff.wav,24.296137301,25.556137301,gunshot
mixture_evaltest_gunshot_493_87b137fe3d06f960348a235c147666db.wav,11.1643251084,12.9043251084,gunshot
mixture_evaltest_gunshot_494_1a186ae4d4f9822093bff843f00814c4.wav
mixture_evaltest_gunshot_495_de699025e70dcd23aac6fbbc6fbea627.wav,22.7317945748,23.8717945748,gunshot
mixture_evaltest_gunshot_496_f6e2fb166a2c617d1cb7224788836220.wav,25.6733645831,25.9733645831,gunshot
mixture_evaltest_gunshot_497_f5ca6ab4416694b7aa1e973364683d7b.wav
mixture_evaltest_gunshot_498_860a2ea2d450334a16462e7d7bad9cef.wav,11.66006034,12.30006034,gunshot
mixture_evaltest_gunshot_499_2e7ec59c145da55da4bec54dcb9d8e34.wav,20.6692879131,21.7092879131,gunshot
