fname,labels,labels_simple,mids,source datasets,file_dir,duration
259609,"Babbling,Baby_cry_and_infant_cry",baby cry,"/m/0261r1,/t/dd00002",fdk50,C:/Users/sharo/OneDrive/Documents/TMRL/FSD50K_dev_audio/259609.wav,16.15963719
390658,"Baby_cry_and_infant_cry,Crying_and_sobbing",baby cry,"/t/dd00002,/m/0463cq4",fdk50,C:/Users/sharo/OneDrive/Documents/TMRL/FSD50K_dev_audio/390658.wav,8.241360544
254473,Baby_cry_and_infant_cry,baby cry,/t/dd00002,fdk50,C:/Users/sharo/OneDrive/Documents/TMRL/FSD50K_dev_audio/254473.wav,4.966575964
254474,Baby_cry_and_infant_cry,baby cry,/t/dd00002,fdk50,C:/Users/sharo/OneDrive/Documents/TMRL/FSD50K_dev_audio/254474.wav,11.44471655
254475,Baby_cry_and_infant_cry,baby cry,/t/dd00002,fdk50,C:/Users/sharo/OneDrive/Documents/TMRL/FSD50K_dev_audio/254475.wav,12.36244898
254476,"Baby_cry_and_infant_cry,Screech",baby cry,"/t/dd00002,/m/07q8k13",fdk50,C:/Users/sharo/OneDrive/Documents/TMRL/FSD50K_dev_audio/254476.wav,5.518117914
391181,Baby_cry_and_infant_cry,baby cry,/t/dd00002,fdk50,C:/Users/sharo/OneDrive/Documents/TMRL/FSD50K_dev_audio/391181.wav,18.49791383
254477,"Baby_cry_and_infant_cry,Screaming",baby cry,"/t/dd00002,/m/03qc9zr",fdk50,C:/Users/sharo/OneDrive/Documents/TMRL/FSD50K_dev_audio/254477.wav,3.023151927
254478,"Baby_cry_and_infant_cry,Screech",baby cry,"/t/dd00002,/m/07q8k13",fdk50,C:/Users/sharo/OneDrive/Documents/TMRL/FSD50K_dev_audio/254478.wav,7.611814059
390156,Baby_cry_and_infant_cry,baby cry,/t/dd00002,fdk50,C:/Users/sharo/OneDrive/Documents/TMRL/FSD50K_dev_audio/390156.wav,27.45811791
259606,Baby_cry_and_infant_cry,baby cry,/t/dd00002,fdk50,C:/Users/sharo/OneDrive/Documents/TMRL/FSD50K_dev_audio/259606.wav,18.48163265
259608,Baby_cry_and_infant_cry,baby cry,/t/dd00002,fdk50,C:/Users/sharo/OneDrive/Documents/TMRL/FSD50K_dev_audio/259608.wav,23.68290249
71193,"Baby_cry_and_infant_cry,Crying_and_sobbing",baby cry,"/t/dd00002,/m/0463cq4",fdk50,C:/Users/sharo/OneDrive/Documents/TMRL/FSD50K_dev_audio/71193.wav,8.290385488
259610,Baby_cry_and_infant_cry,baby cry,/t/dd00002,fdk50,C:/Users/sharo/OneDrive/Documents/TMRL/FSD50K_dev_audio/259610.wav,16.83301587
102431,Baby_cry_and_infant_cry,baby cry,/t/dd00002,fdk50,C:/Users/sharo/OneDrive/Documents/TMRL/FSD50K_dev_audio/102431.wav,26.22605442
26147,Baby_cry_and_infant_cry,baby cry,/t/dd00002,fdk50,C:/Users/sharo/OneDrive/Documents/TMRL/FSD50K_dev_audio/26147.wav,4.751043084
346663,Baby_cry_and_infant_cry,baby cry,/t/dd00002,fdk50,C:/Users/sharo/OneDrive/Documents/TMRL/FSD50K_dev_audio/346663.wav,12.64163265
151081,"Baby_cry_and_infant_cry,Crying_and_sobbing",baby cry,"/t/dd00002,/m/0463cq4",fdk50,C:/Users/sharo/OneDrive/Documents/TMRL/FSD50K_dev_audio/151081.wav,19.34292517
393769,"Baby_cry_and_infant_cry,Crying_and_sobbing",baby cry,"/t/dd00002,/m/0463cq4",fdk50,C:/Users/sharo/OneDrive/Documents/TMRL/FSD50K_dev_audio/393769.wav,8.916462585
425002,Baby_cry_and_infant_cry,baby cry,/t/dd00002,fdk50,C:/Users/sharo/OneDrive/Documents/TMRL/FSD50K_dev_audio/425002.wav,0.98047619
151085,Baby_cry_and_infant_cry,baby cry,/t/dd00002,fdk50,C:/Users/sharo/OneDrive/Documents/TMRL/FSD50K_dev_audio/151085.wav,10.83734694
143919,Baby_cry_and_infant_cry,baby cry,/t/dd00002,fdk50,C:/Users/sharo/OneDrive/Documents/TMRL/FSD50K_dev_audio/143919.wav,22.49868481
34874,Baby_cry_and_infant_cry,baby cry,/t/dd00002,fdk50,C:/Users/sharo/OneDrive/Documents/TMRL/FSD50K_dev_audio/34874.wav,8.405623583
179773,Baby_cry_and_infant_cry,baby cry,/t/dd00002,fdk50,C:/Users/sharo/OneDrive/Documents/TMRL/FSD50K_dev_audio/179773.wav,16.3
197718,Baby_cry_and_infant_cry,baby cry,/t/dd00002,fdk50,C:/Users/sharo/OneDrive/Documents/TMRL/FSD50K_dev_audio/197718.wav,22.91011338
80477,Baby_cry_and_infant_cry,baby cry,/t/dd00002,fdk50,C:/Users/sharo/OneDrive/Documents/TMRL/FSD50K_dev_audio/80477.wav,3.964444444
80478,Baby_cry_and_infant_cry,baby cry,/t/dd00002,fdk50,C:/Users/sharo/OneDrive/Documents/TMRL/FSD50K_dev_audio/80478.wav,3.745668934
80479,Baby_cry_and_infant_cry,baby cry,/t/dd00002,fdk50,C:/Users/sharo/OneDrive/Documents/TMRL/FSD50K_dev_audio/80479.wav,4.497913832
80480,Baby_cry_and_infant_cry,baby cry,/t/dd00002,fdk50,C:/Users/sharo/OneDrive/Documents/TMRL/FSD50K_dev_audio/80480.wav,7.459795918
80481,Baby_cry_and_infant_cry,baby cry,/t/dd00002,fdk50,C:/Users/sharo/OneDrive/Documents/TMRL/FSD50K_dev_audio/80481.wav,2.70829932
80482,Baby_cry_and_infant_cry,baby cry,/t/dd00002,fdk50,C:/Users/sharo/OneDrive/Documents/TMRL/FSD50K_dev_audio/80482.wav,7.475396825
371303,Baby_cry_and_infant_cry,baby cry,/t/dd00002,fdk50,C:/Users/sharo/OneDrive/Documents/TMRL/FSD50K_dev_audio/371303.wav,5.568004535
390256,"Baby_cry_and_infant_cry,Crying_and_sobbing",baby cry,"/t/dd00002,/m/0463cq4",fdk50,C:/Users/sharo/OneDrive/Documents/TMRL/FSD50K_dev_audio/390256.wav,3.080839002
389774,Baby_cry_and_infant_cry,baby cry,/t/dd00002,fdk50,C:/Users/sharo/OneDrive/Documents/TMRL/FSD50K_dev_audio/389774.wav,26.34854875
179392,Baby_cry_and_infant_cry,baby cry,/t/dd00002,fdk50,C:/Users/sharo/OneDrive/Documents/TMRL/FSD50K_dev_audio/179392.wav,8.829387755
179393,Baby_cry_and_infant_cry,baby cry,/t/dd00002,fdk50,C:/Users/sharo/OneDrive/Documents/TMRL/FSD50K_dev_audio/179393.wav,6.739591837
179403,"Baby_cry_and_infant_cry,Crying_and_sobbing",baby cry,"/t/dd00002,/m/0463cq4",fdk50,C:/Users/sharo/OneDrive/Documents/TMRL/FSD50K_dev_audio/179403.wav,10.26612245
179411,"Baby_cry_and_infant_cry,Crying_and_sobbing",baby cry,"/t/dd00002,/m/0463cq4",fdk50,C:/Users/sharo/OneDrive/Documents/TMRL/FSD50K_dev_audio/179411.wav,23.87591837
398548,Baby_cry_and_infant_cry,baby cry,/t/dd00002,fdk50,C:/Users/sharo/OneDrive/Documents/TMRL/FSD50K_dev_audio/398548.wav,15.69650794
86240,Baby_cry_and_infant_cry,baby cry,/t/dd00002,fdk50,C:/Users/sharo/OneDrive/Documents/TMRL/FSD50K_dev_audio/86240.wav,17.65521542
240372,Baby_cry_and_infant_cry,baby cry,/t/dd00002,fdk50,C:/Users/sharo/OneDrive/Documents/TMRL/FSD50K_dev_audio/240372.wav,3.589002268
58178,"Baby_cry_and_infant_cry,Crying_and_sobbing",baby cry,"/t/dd00002,/m/0463cq4",fdk50,C:/Users/sharo/OneDrive/Documents/TMRL/FSD50K_dev_audio/58178.wav,12.8
387405,"Baby_cry_and_infant_cry,Crying_and_sobbing",baby cry,"/t/dd00002,/m/0463cq4",fdk50,C:/Users/sharo/OneDrive/Documents/TMRL/FSD50K_dev_audio/387405.wav,2.072426304
107351,Baby_cry_and_infant_cry,baby cry,/t/dd00002,fdk50,C:/Users/sharo/OneDrive/Documents/TMRL/FSD50K_dev_audio/107351.wav,18.42312925
18276,"Baby_cry_and_infant_cry,Crying_and_sobbing",baby cry,"/t/dd00002,/m/0463cq4",fdk50,C:/Users/sharo/OneDrive/Documents/TMRL/FSD50K_dev_audio/18276.wav,1.977959184
386924,"Baby_cry_and_infant_cry,Crying_and_sobbing",baby cry,"/t/dd00002,/m/0463cq4",fdk50,C:/Users/sharo/OneDrive/Documents/TMRL/FSD50K_dev_audio/386924.wav,2.120181406
18284,Baby_cry_and_infant_cry,baby cry,/t/dd00002,fdk50,C:/Users/sharo/OneDrive/Documents/TMRL/FSD50K_dev_audio/18284.wav,29.93503401
46963,Baby_cry_and_infant_cry,baby cry,/t/dd00002,fdk50,C:/Users/sharo/OneDrive/Documents/TMRL/FSD50K_dev_audio/46963.wav,1.575510204
18291,"Baby_cry_and_infant_cry,Child_speech_and_kid_speaking",baby cry,"/t/dd00002,/m/0ytgt",fdk50,C:/Users/sharo/OneDrive/Documents/TMRL/FSD50K_dev_audio/18291.wav,13.82791383
46964,Baby_cry_and_infant_cry,baby cry,/t/dd00002,fdk50,C:/Users/sharo/OneDrive/Documents/TMRL/FSD50K_dev_audio/46964.wav,6.268072562
402814,Baby_cry_and_infant_cry,baby cry,/t/dd00002,fdk50,C:/Users/sharo/OneDrive/Documents/TMRL/FSD50K_dev_audio/402814.wav,0.579886621
335233,"Baby_cry_and_infant_cry,Subway_and_metro_and_underground",baby cry,"/t/dd00002,/m/0195fx",fdk50,C:/Users/sharo/OneDrive/Documents/TMRL/FSD50K_dev_audio/335233.wav,7.416145125
33670,Baby_cry_and_infant_cry,baby cry,/t/dd00002,fdk50,C:/Users/sharo/OneDrive/Documents/TMRL/FSD50K_dev_audio/33670.wav,3.154603175
33671,Baby_cry_and_infant_cry,baby cry,/t/dd00002,fdk50,C:/Users/sharo/OneDrive/Documents/TMRL/FSD50K_dev_audio/33671.wav,5.88861678
33672,Baby_cry_and_infant_cry,baby cry,/t/dd00002,fdk50,C:/Users/sharo/OneDrive/Documents/TMRL/FSD50K_dev_audio/33672.wav,8.307142857
33673,Baby_cry_and_infant_cry,baby cry,/t/dd00002,fdk50,C:/Users/sharo/OneDrive/Documents/TMRL/FSD50K_dev_audio/33673.wav,11.46174603
351629,"Baby_cry_and_infant_cry,Screaming",baby cry,"/t/dd00002,/m/03qc9zr",fdk50,C:/Users/sharo/OneDrive/Documents/TMRL/FSD50K_dev_audio/351629.wav,4.416258503
351631,"Baby_cry_and_infant_cry,Screaming",baby cry,"/t/dd00002,/m/03qc9zr",fdk50,C:/Users/sharo/OneDrive/Documents/TMRL/FSD50K_dev_audio/351631.wav,3.694353741
351634,"Baby_cry_and_infant_cry,Screaming",baby cry,"/t/dd00002,/m/03qc9zr",fdk50,C:/Users/sharo/OneDrive/Documents/TMRL/FSD50K_dev_audio/351634.wav,4.246394558
402835,"Baby_cry_and_infant_cry,Crying_and_sobbing",baby cry,"/t/dd00002,/m/0463cq4",fdk50,C:/Users/sharo/OneDrive/Documents/TMRL/FSD50K_dev_audio/402835.wav,1.182653061
14265,Baby_cry_and_infant_cry,baby cry,/t/dd00002,fdk50,C:/Users/sharo/OneDrive/Documents/TMRL/FSD50K_dev_audio/14265.wav,11.2014966
14268,Baby_cry_and_infant_cry,baby cry,/t/dd00002,fdk50,C:/Users/sharo/OneDrive/Documents/TMRL/FSD50K_dev_audio/14268.wav,4.78324263
14269,"Baby_cry_and_infant_cry,Crying_and_sobbing",baby cry,"/t/dd00002,/m/0463cq4",fdk50,C:/Users/sharo/OneDrive/Documents/TMRL/FSD50K_dev_audio/14269.wav,8.657845805
45523,Baby_cry_and_infant_cry,baby cry,/t/dd00002,fdk50,C:/Users/sharo/OneDrive/Documents/TMRL/FSD50K_dev_audio/45523.wav,5.688027211
13800,"Baby_cry_and_infant_cry,Crying_and_sobbing",baby cry,"/t/dd00002,/m/0463cq4",fdk50,C:/Users/sharo/OneDrive/Documents/TMRL/FSD50K_dev_audio/13800.wav,13.95931973
202730,Baby_cry_and_infant_cry,baby cry,/t/dd00002,fdk50,C:/Users/sharo/OneDrive/Documents/TMRL/FSD50K_dev_audio/202730.wav,17.35537415
13803,Baby_cry_and_infant_cry,baby cry,/t/dd00002,fdk50,C:/Users/sharo/OneDrive/Documents/TMRL/FSD50K_dev_audio/13803.wav,6.896281179
13802,Baby_cry_and_infant_cry,baby cry,/t/dd00002,fdk50,C:/Users/sharo/OneDrive/Documents/TMRL/FSD50K_dev_audio/13802.wav,5.632040816
39920,Baby_cry_and_infant_cry,baby cry,/t/dd00002,fdk50,C:/Users/sharo/OneDrive/Documents/TMRL/FSD50K_dev_audio/39920.wav,28.97931973
204126,"Glass,Crushing",glass break,"/m/039jq,/m/07plct2",fdk50,C:/Users/sharo/OneDrive/Documents/TMRL/FSD50K_dev_audio/204126.wav,0.645079365
186049,"Glass,Gunshot_and_gunfire",glass break,"/m/039jq,/m/032s66",fdk50,C:/Users/sharo/OneDrive/Documents/TMRL/FSD50K_dev_audio/186049.wav,9.756621315
405504,Gunshot_and_gunfire,gunshot,/m/032s66,fdk50,C:/Users/sharo/OneDrive/Documents/TMRL/FSD50K_dev_audio/405504.wav,2.413741497
67585,Gunshot_and_gunfire,gunshot,/m/032s66,fdk50,C:/Users/sharo/OneDrive/Documents/TMRL/FSD50K_dev_audio/67585.wav,0.361814059
178180,Gunshot_and_gunfire,gunshot,/m/032s66,fdk50,C:/Users/sharo/OneDrive/Documents/TMRL/FSD50K_dev_audio/178180.wav,14.21419501
155654,Gunshot_and_gunfire,gunshot,/m/032s66,fdk50,C:/Users/sharo/OneDrive/Documents/TMRL/FSD50K_dev_audio/155654.wav,4.574331066
67593,Gunshot_and_gunfire,gunshot,/m/032s66,fdk50,C:/Users/sharo/OneDrive/Documents/TMRL/FSD50K_dev_audio/67593.wav,5.588367347
391180,Gunshot_and_gunfire,gunshot,/m/032s66,fdk50,C:/Users/sharo/OneDrive/Documents/TMRL/FSD50K_dev_audio/391180.wav,1.868412698
67576,Gunshot_and_gunfire,gunshot,/m/032s66,fdk50,C:/Users/sharo/OneDrive/Documents/TMRL/FSD50K_dev_audio/67576.wav,0.446984127
350264,Gunshot_and_gunfire,gunshot,/m/032s66,fdk50,C:/Users/sharo/OneDrive/Documents/TMRL/FSD50K_dev_audio/350264.wav,0.805442177
32841,Gunshot_and_gunfire,gunshot,/m/032s66,fdk50,C:/Users/sharo/OneDrive/Documents/TMRL/FSD50K_dev_audio/32841.wav,3.622312925
32842,Gunshot_and_gunfire,gunshot,/m/032s66,fdk50,C:/Users/sharo/OneDrive/Documents/TMRL/FSD50K_dev_audio/32842.wav,4.226031746
368736,Gunshot_and_gunfire,gunshot,/m/032s66,fdk50,C:/Users/sharo/OneDrive/Documents/TMRL/FSD50K_dev_audio/368736.wav,0.768594104
184418,Gunshot_and_gunfire,gunshot,/m/032s66,fdk50,C:/Users/sharo/OneDrive/Documents/TMRL/FSD50K_dev_audio/184418.wav,7
157799,Gunshot_and_gunfire,gunshot,/m/032s66,fdk50,C:/Users/sharo/OneDrive/Documents/TMRL/FSD50K_dev_audio/157799.wav,2.29877551
157800,"Gunshot_and_gunfire,Explosion",gunshot,"/m/032s66,/m/014zdl",fdk50,C:/Users/sharo/OneDrive/Documents/TMRL/FSD50K_dev_audio/157800.wav,1.175510204
157801,Gunshot_and_gunfire,gunshot,/m/032s66,fdk50,C:/Users/sharo/OneDrive/Documents/TMRL/FSD50K_dev_audio/157801.wav,2.56
100465,Gunshot_and_gunfire,gunshot,/m/032s66,fdk50,C:/Users/sharo/OneDrive/Documents/TMRL/FSD50K_dev_audio/100465.wav,0.873696145
391328,Gunshot_and_gunfire,gunshot,/m/032s66,fdk50,C:/Users/sharo/OneDrive/Documents/TMRL/FSD50K_dev_audio/391328.wav,2.473786848
182435,Gunshot_and_gunfire,gunshot,/m/032s66,fdk50,C:/Users/sharo/OneDrive/Documents/TMRL/FSD50K_dev_audio/182435.wav,23.31437642
368805,Gunshot_and_gunfire,gunshot,/m/032s66,fdk50,C:/Users/sharo/OneDrive/Documents/TMRL/FSD50K_dev_audio/368805.wav,3.268208617
145580,Gunshot_and_gunfire,gunshot,/m/032s66,fdk50,C:/Users/sharo/OneDrive/Documents/TMRL/FSD50K_dev_audio/145580.wav,17.04904762
161969,"Gunshot_and_gunfire,Machine_gun",gunshot,"/m/032s66,/m/04zjc",fdk50,C:/Users/sharo/OneDrive/Documents/TMRL/FSD50K_dev_audio/161969.wav,1.850612245
164020,Gunshot_and_gunfire,gunshot,/m/032s66,fdk50,C:/Users/sharo/OneDrive/Documents/TMRL/FSD50K_dev_audio/164020.wav,2.815782313
145609,Gunshot_and_gunfire,gunshot,/m/032s66,fdk50,C:/Users/sharo/OneDrive/Documents/TMRL/FSD50K_dev_audio/145609.wav,7.915102041
205011,Gunshot_and_gunfire,gunshot,/m/032s66,fdk50,C:/Users/sharo/OneDrive/Documents/TMRL/FSD50K_dev_audio/205011.wav,0.852653061
65752,Gunshot_and_gunfire,gunshot,/m/032s66,fdk50,C:/Users/sharo/OneDrive/Documents/TMRL/FSD50K_dev_audio/65752.wav,4.09845805
432366,Gunshot_and_gunfire,gunshot,/m/032s66,fdk50,C:/Users/sharo/OneDrive/Documents/TMRL/FSD50K_dev_audio/432366.wav,2.5
387336,Gunshot_and_gunfire,gunshot,/m/032s66,fdk50,C:/Users/sharo/OneDrive/Documents/TMRL/FSD50K_dev_audio/387336.wav,1.097142857
387337,Gunshot_and_gunfire,gunshot,/m/032s66,fdk50,C:/Users/sharo/OneDrive/Documents/TMRL/FSD50K_dev_audio/387337.wav,0.841519274
221451,Gunshot_and_gunfire,gunshot,/m/032s66,fdk50,C:/Users/sharo/OneDrive/Documents/TMRL/FSD50K_dev_audio/221451.wav,1.515102041
51470,Gunshot_and_gunfire,gunshot,/m/032s66,fdk50,C:/Users/sharo/OneDrive/Documents/TMRL/FSD50K_dev_audio/51470.wav,0.840272109
221455,Gunshot_and_gunfire,gunshot,/m/032s66,fdk50,C:/Users/sharo/OneDrive/Documents/TMRL/FSD50K_dev_audio/221455.wav,1.358367347
221457,Gunshot_and_gunfire,gunshot,/m/032s66,fdk50,C:/Users/sharo/OneDrive/Documents/TMRL/FSD50K_dev_audio/221457.wav,1.515102041
198952,Gunshot_and_gunfire,gunshot,/m/032s66,fdk50,C:/Users/sharo/OneDrive/Documents/TMRL/FSD50K_dev_audio/198952.wav,24.82573696
219455,Gunshot_and_gunfire,gunshot,/m/032s66,fdk50,C:/Users/sharo/OneDrive/Documents/TMRL/FSD50K_dev_audio/219455.wav,1.25
219457,Gunshot_and_gunfire,gunshot,/m/032s66,fdk50,C:/Users/sharo/OneDrive/Documents/TMRL/FSD50K_dev_audio/219457.wav,1.25
184651,Gunshot_and_gunfire,gunshot,/m/032s66,fdk50,C:/Users/sharo/OneDrive/Documents/TMRL/FSD50K_dev_audio/184651.wav,1.391043084
371041,Gunshot_and_gunfire,gunshot,/m/032s66,fdk50,C:/Users/sharo/OneDrive/Documents/TMRL/FSD50K_dev_audio/371041.wav,0.922108844
49512,Gunshot_and_gunfire,gunshot,/m/032s66,fdk50,C:/Users/sharo/OneDrive/Documents/TMRL/FSD50K_dev_audio/49512.wav,8.96
49513,Gunshot_and_gunfire,gunshot,/m/032s66,fdk50,C:/Users/sharo/OneDrive/Documents/TMRL/FSD50K_dev_audio/49513.wav,2.48
96630,Gunshot_and_gunfire,gunshot,/m/032s66,fdk50,C:/Users/sharo/OneDrive/Documents/TMRL/FSD50K_dev_audio/96630.wav,1.461179138
96635,Gunshot_and_gunfire,gunshot,/m/032s66,fdk50,C:/Users/sharo/OneDrive/Documents/TMRL/FSD50K_dev_audio/96635.wav,1.32829932
96636,Gunshot_and_gunfire,gunshot,/m/032s66,fdk50,C:/Users/sharo/OneDrive/Documents/TMRL/FSD50K_dev_audio/96636.wav,1.35292517
387477,Gunshot_and_gunfire,gunshot,/m/032s66,fdk50,C:/Users/sharo/OneDrive/Documents/TMRL/FSD50K_dev_audio/387477.wav,2.995963719
346537,Gunshot_and_gunfire,gunshot,/m/032s66,fdk50,C:/Users/sharo/OneDrive/Documents/TMRL/FSD50K_dev_audio/346537.wav,2.459659864
364976,Gunshot_and_gunfire,gunshot,/m/032s66,fdk50,C:/Users/sharo/OneDrive/Documents/TMRL/FSD50K_dev_audio/364976.wav,1.929024943
147901,Gunshot_and_gunfire,gunshot,/m/032s66,fdk50,C:/Users/sharo/OneDrive/Documents/TMRL/FSD50K_dev_audio/147901.wav,3.030204082
221640,Gunshot_and_gunfire,gunshot,/m/032s66,fdk50,C:/Users/sharo/OneDrive/Documents/TMRL/FSD50K_dev_audio/221640.wav,2.730657596
25037,Gunshot_and_gunfire,gunshot,/m/032s66,fdk50,C:/Users/sharo/OneDrive/Documents/TMRL/FSD50K_dev_audio/25037.wav,3.154126984
25038,Gunshot_and_gunfire,gunshot,/m/032s66,fdk50,C:/Users/sharo/OneDrive/Documents/TMRL/FSD50K_dev_audio/25038.wav,3.150612245
162258,Gunshot_and_gunfire,gunshot,/m/032s66,fdk50,C:/Users/sharo/OneDrive/Documents/TMRL/FSD50K_dev_audio/162258.wav,1.233265306
315858,Gunshot_and_gunfire,gunshot,/m/032s66,fdk50,C:/Users/sharo/OneDrive/Documents/TMRL/FSD50K_dev_audio/315858.wav,5.542698413
371158,Gunshot_and_gunfire,gunshot,/m/032s66,fdk50,C:/Users/sharo/OneDrive/Documents/TMRL/FSD50K_dev_audio/371158.wav,1.345306122
162262,Gunshot_and_gunfire,gunshot,/m/032s66,fdk50,C:/Users/sharo/OneDrive/Documents/TMRL/FSD50K_dev_audio/162262.wav,6.531451247
162263,"Gunshot_and_gunfire,Artillery_fire",gunshot,"/m/032s66,/m/0_1c",fdk50,C:/Users/sharo/OneDrive/Documents/TMRL/FSD50K_dev_audio/162263.wav,14.17643991
369124,Gunshot_and_gunfire,gunshot,/m/032s66,fdk50,C:/Users/sharo/OneDrive/Documents/TMRL/FSD50K_dev_audio/369124.wav,1.855759637
369126,Gunshot_and_gunfire,gunshot,/m/032s66,fdk50,C:/Users/sharo/OneDrive/Documents/TMRL/FSD50K_dev_audio/369126.wav,0.699501134
348663,Gunshot_and_gunfire,gunshot,/m/032s66,fdk50,C:/Users/sharo/OneDrive/Documents/TMRL/FSD50K_dev_audio/348663.wav,1.780340136
348664,Gunshot_and_gunfire,gunshot,/m/032s66,fdk50,C:/Users/sharo/OneDrive/Documents/TMRL/FSD50K_dev_audio/348664.wav,2.18414966
348665,Gunshot_and_gunfire,gunshot,/m/032s66,fdk50,C:/Users/sharo/OneDrive/Documents/TMRL/FSD50K_dev_audio/348665.wav,2.557641723
348666,Gunshot_and_gunfire,gunshot,/m/032s66,fdk50,C:/Users/sharo/OneDrive/Documents/TMRL/FSD50K_dev_audio/348666.wav,1.5
348670,"Gunshot_and_gunfire,Explosion",gunshot,"/m/032s66,/m/014zdl",fdk50,C:/Users/sharo/OneDrive/Documents/TMRL/FSD50K_dev_audio/348670.wav,1.5
348671,Gunshot_and_gunfire,gunshot,/m/032s66,fdk50,C:/Users/sharo/OneDrive/Documents/TMRL/FSD50K_dev_audio/348671.wav,1.5
182790,Gunshot_and_gunfire,gunshot,/m/032s66,fdk50,C:/Users/sharo/OneDrive/Documents/TMRL/FSD50K_dev_audio/182790.wav,6.098548753
348685,Gunshot_and_gunfire,gunshot,/m/032s66,fdk50,C:/Users/sharo/OneDrive/Documents/TMRL/FSD50K_dev_audio/348685.wav,0.366870748
395789,Gunshot_and_gunfire,gunshot,/m/032s66,fdk50,C:/Users/sharo/OneDrive/Documents/TMRL/FSD50K_dev_audio/395789.wav,3.134807256
182806,"Gunshot_and_gunfire,Firecracker",gunshot,"/m/032s66,/g/122z_qxw",fdk50,C:/Users/sharo/OneDrive/Documents/TMRL/FSD50K_dev_audio/182806.wav,3.55106576
408099,Gunshot_and_gunfire,gunshot,/m/032s66,fdk50,C:/Users/sharo/OneDrive/Documents/TMRL/FSD50K_dev_audio/408099.wav,3.203537415
51749,Gunshot_and_gunfire,gunshot,/m/032s66,fdk50,C:/Users/sharo/OneDrive/Documents/TMRL/FSD50K_dev_audio/51749.wav,0.397188209
238159,Gunshot_and_gunfire,gunshot,/m/032s66,fdk50,C:/Users/sharo/OneDrive/Documents/TMRL/FSD50K_dev_audio/238159.wav,0.523900227
381526,Gunshot_and_gunfire,gunshot,/m/032s66,fdk50,C:/Users/sharo/OneDrive/Documents/TMRL/FSD50K_dev_audio/381526.wav,0.966530612
402010,Gunshot_and_gunfire,gunshot,/m/032s66,fdk50,C:/Users/sharo/OneDrive/Documents/TMRL/FSD50K_dev_audio/402010.wav,0.541791383
402012,Gunshot_and_gunfire,gunshot,/m/032s66,fdk50,C:/Users/sharo/OneDrive/Documents/TMRL/FSD50K_dev_audio/402012.wav,0.45723356
162397,Gunshot_and_gunfire,gunshot,/m/032s66,fdk50,C:/Users/sharo/OneDrive/Documents/TMRL/FSD50K_dev_audio/162397.wav,0.947936508
162398,Gunshot_and_gunfire,gunshot,/m/032s66,fdk50,C:/Users/sharo/OneDrive/Documents/TMRL/FSD50K_dev_audio/162398.wav,0.808798186
115295,Gunshot_and_gunfire,gunshot,/m/032s66,fdk50,C:/Users/sharo/OneDrive/Documents/TMRL/FSD50K_dev_audio/115295.wav,0.397188209
162403,Gunshot_and_gunfire,gunshot,/m/032s66,fdk50,C:/Users/sharo/OneDrive/Documents/TMRL/FSD50K_dev_audio/162403.wav,0.935102041
160355,"Gunshot_and_gunfire,Machine_gun",gunshot,"/m/032s66,/m/04zjc",fdk50,C:/Users/sharo/OneDrive/Documents/TMRL/FSD50K_dev_audio/160355.wav,6.276507937
150139,Gunshot_and_gunfire,gunshot,/m/032s66,fdk50,C:/Users/sharo/OneDrive/Documents/TMRL/FSD50K_dev_audio/150139.wav,2.116643991
162431,Gunshot_and_gunfire,gunshot,/m/032s66,fdk50,C:/Users/sharo/OneDrive/Documents/TMRL/FSD50K_dev_audio/162431.wav,6.549433107
381569,Gunshot_and_gunfire,gunshot,/m/032s66,fdk50,C:/Users/sharo/OneDrive/Documents/TMRL/FSD50K_dev_audio/381569.wav,0.537619048
162434,Gunshot_and_gunfire,gunshot,/m/032s66,fdk50,C:/Users/sharo/OneDrive/Documents/TMRL/FSD50K_dev_audio/162434.wav,3.361473923
162436,Gunshot_and_gunfire,gunshot,/m/032s66,fdk50,C:/Users/sharo/OneDrive/Documents/TMRL/FSD50K_dev_audio/162436.wav,1.796802721
320135,Gunshot_and_gunfire,gunshot,/m/032s66,fdk50,C:/Users/sharo/OneDrive/Documents/TMRL/FSD50K_dev_audio/320135.wav,8.700589569
320136,Gunshot_and_gunfire,gunshot,/m/032s66,fdk50,C:/Users/sharo/OneDrive/Documents/TMRL/FSD50K_dev_audio/320136.wav,6.111723356
410260,Gunshot_and_gunfire,gunshot,/m/032s66,fdk50,C:/Users/sharo/OneDrive/Documents/TMRL/FSD50K_dev_audio/410260.wav,2.472789116
410261,Gunshot_and_gunfire,gunshot,/m/032s66,fdk50,C:/Users/sharo/OneDrive/Documents/TMRL/FSD50K_dev_audio/410261.wav,2.655396825
410262,Gunshot_and_gunfire,gunshot,/m/032s66,fdk50,C:/Users/sharo/OneDrive/Documents/TMRL/FSD50K_dev_audio/410262.wav,2.92462585
162455,Gunshot_and_gunfire,gunshot,/m/032s66,fdk50,C:/Users/sharo/OneDrive/Documents/TMRL/FSD50K_dev_audio/162455.wav,2.775011338
397986,Gunshot_and_gunfire,gunshot,/m/032s66,fdk50,C:/Users/sharo/OneDrive/Documents/TMRL/FSD50K_dev_audio/397986.wav,1.044716553
238243,"Gunshot_and_gunfire,Machine_gun",gunshot,"/m/032s66,/m/04zjc",fdk50,C:/Users/sharo/OneDrive/Documents/TMRL/FSD50K_dev_audio/238243.wav,1.803945578
238247,"Gunshot_and_gunfire,Machine_gun",gunshot,"/m/032s66,/m/04zjc",fdk50,C:/Users/sharo/OneDrive/Documents/TMRL/FSD50K_dev_audio/238247.wav,1.936575964
332479,Gunshot_and_gunfire,gunshot,/m/032s66,fdk50,C:/Users/sharo/OneDrive/Documents/TMRL/FSD50K_dev_audio/332479.wav,9.999546485
148166,Gunshot_and_gunfire,gunshot,/m/032s66,fdk50,C:/Users/sharo/OneDrive/Documents/TMRL/FSD50K_dev_audio/148166.wav,1.102947846
197322,Gunshot_and_gunfire,gunshot,/m/032s66,fdk50,C:/Users/sharo/OneDrive/Documents/TMRL/FSD50K_dev_audio/197322.wav,29.54231293
217805,Gunshot_and_gunfire,gunshot,/m/032s66,fdk50,C:/Users/sharo/OneDrive/Documents/TMRL/FSD50K_dev_audio/217805.wav,1.445487528
266977,Gunshot_and_gunfire,gunshot,/m/032s66,fdk50,C:/Users/sharo/OneDrive/Documents/TMRL/FSD50K_dev_audio/266977.wav,1.149387755
180961,Gunshot_and_gunfire,gunshot,/m/032s66,fdk50,C:/Users/sharo/OneDrive/Documents/TMRL/FSD50K_dev_audio/180961.wav,2.599614512
371440,Gunshot_and_gunfire,gunshot,/m/032s66,fdk50,C:/Users/sharo/OneDrive/Documents/TMRL/FSD50K_dev_audio/371440.wav,1.139954649
369395,Gunshot_and_gunfire,gunshot,/m/032s66,fdk50,C:/Users/sharo/OneDrive/Documents/TMRL/FSD50K_dev_audio/369395.wav,6.055487528
346904,Gunshot_and_gunfire,gunshot,/m/032s66,fdk50,C:/Users/sharo/OneDrive/Documents/TMRL/FSD50K_dev_audio/346904.wav,3.695986395
346905,Gunshot_and_gunfire,gunshot,/m/032s66,fdk50,C:/Users/sharo/OneDrive/Documents/TMRL/FSD50K_dev_audio/346905.wav,3.432018141
215842,"Cap_gun,Gunshot_and_gunfire",gunshot,"/m/073cg4,/m/032s66",fdk50,C:/Users/sharo/OneDrive/Documents/TMRL/FSD50K_dev_audio/215842.wav,1.044897959
164646,Gunshot_and_gunfire,gunshot,/m/032s66,fdk50,C:/Users/sharo/OneDrive/Documents/TMRL/FSD50K_dev_audio/164646.wav,1.017732426
215847,"Cap_gun,Gunshot_and_gunfire",gunshot,"/m/073cg4,/m/032s66",fdk50,C:/Users/sharo/OneDrive/Documents/TMRL/FSD50K_dev_audio/215847.wav,1.044897959
254772,Gunshot_and_gunfire,gunshot,/m/032s66,fdk50,C:/Users/sharo/OneDrive/Documents/TMRL/FSD50K_dev_audio/254772.wav,9.919274376
164667,Gunshot_and_gunfire,gunshot,/m/032s66,fdk50,C:/Users/sharo/OneDrive/Documents/TMRL/FSD50K_dev_audio/164667.wav,1.034353741
353093,Gunshot_and_gunfire,gunshot,/m/032s66,fdk50,C:/Users/sharo/OneDrive/Documents/TMRL/FSD50K_dev_audio/353093.wav,7.185759637
260939,Gunshot_and_gunfire,gunshot,/m/032s66,fdk50,C:/Users/sharo/OneDrive/Documents/TMRL/FSD50K_dev_audio/260939.wav,2.94
160590,Gunshot_and_gunfire,gunshot,/m/032s66,fdk50,C:/Users/sharo/OneDrive/Documents/TMRL/FSD50K_dev_audio/160590.wav,0.500521542
90966,Gunshot_and_gunfire,gunshot,/m/032s66,fdk50,C:/Users/sharo/OneDrive/Documents/TMRL/FSD50K_dev_audio/90966.wav,0.49170068
64346,Gunshot_and_gunfire,gunshot,/m/032s66,fdk50,C:/Users/sharo/OneDrive/Documents/TMRL/FSD50K_dev_audio/64346.wav,2.140544218
371548,Gunshot_and_gunfire,gunshot,/m/032s66,fdk50,C:/Users/sharo/OneDrive/Documents/TMRL/FSD50K_dev_audio/371548.wav,0.794444444
127846,Gunshot_and_gunfire,gunshot,/m/032s66,fdk50,C:/Users/sharo/OneDrive/Documents/TMRL/FSD50K_dev_audio/127846.wav,7.536621315
369525,"Gunshot_and_gunfire,Tap,Clapping",gunshot,"/m/032s66,/m/07qcpgn,/m/0l15bq",fdk50,C:/Users/sharo/OneDrive/Documents/TMRL/FSD50K_dev_audio/369525.wav,0.34414966
371575,Gunshot_and_gunfire,gunshot,/m/032s66,fdk50,C:/Users/sharo/OneDrive/Documents/TMRL/FSD50K_dev_audio/371575.wav,0.849818594
369530,Gunshot_and_gunfire,gunshot,/m/032s66,fdk50,C:/Users/sharo/OneDrive/Documents/TMRL/FSD50K_dev_audio/369530.wav,1.701995465
146323,Gunshot_and_gunfire,gunshot,/m/032s66,fdk50,C:/Users/sharo/OneDrive/Documents/TMRL/FSD50K_dev_audio/146323.wav,2.32
7062,Gunshot_and_gunfire,gunshot,/m/032s66,fdk50,C:/Users/sharo/OneDrive/Documents/TMRL/FSD50K_dev_audio/7062.wav,2.345351474
273303,Gunshot_and_gunfire,gunshot,/m/032s66,fdk50,C:/Users/sharo/OneDrive/Documents/TMRL/FSD50K_dev_audio/273303.wav,2.82122449
201667,Gunshot_and_gunfire,gunshot,/m/032s66,fdk50,C:/Users/sharo/OneDrive/Documents/TMRL/FSD50K_dev_audio/201667.wav,2.794444444
388054,Gunshot_and_gunfire,gunshot,/m/032s66,fdk50,C:/Users/sharo/OneDrive/Documents/TMRL/FSD50K_dev_audio/388054.wav,2.520362812
35799,Gunshot_and_gunfire,gunshot,/m/032s66,fdk50,C:/Users/sharo/OneDrive/Documents/TMRL/FSD50K_dev_audio/35799.wav,1.523514739
35800,Gunshot_and_gunfire,gunshot,/m/032s66,fdk50,C:/Users/sharo/OneDrive/Documents/TMRL/FSD50K_dev_audio/35800.wav,5.148571429
191449,Gunshot_and_gunfire,gunshot,/m/032s66,fdk50,C:/Users/sharo/OneDrive/Documents/TMRL/FSD50K_dev_audio/191449.wav,9.040929705
324585,Gunshot_and_gunfire,gunshot,/m/032s66,fdk50,C:/Users/sharo/OneDrive/Documents/TMRL/FSD50K_dev_audio/324585.wav,0.500022676
396271,Gunshot_and_gunfire,gunshot,/m/032s66,fdk50,C:/Users/sharo/OneDrive/Documents/TMRL/FSD50K_dev_audio/396271.wav,6.517664399
201713,Gunshot_and_gunfire,gunshot,/m/032s66,fdk50,C:/Users/sharo/OneDrive/Documents/TMRL/FSD50K_dev_audio/201713.wav,3.546621315
396274,Gunshot_and_gunfire,gunshot,/m/032s66,fdk50,C:/Users/sharo/OneDrive/Documents/TMRL/FSD50K_dev_audio/396274.wav,2.560702948
396276,Gunshot_and_gunfire,gunshot,/m/032s66,fdk50,C:/Users/sharo/OneDrive/Documents/TMRL/FSD50K_dev_audio/396276.wav,1.355986395
362487,Gunshot_and_gunfire,gunshot,/m/032s66,fdk50,C:/Users/sharo/OneDrive/Documents/TMRL/FSD50K_dev_audio/362487.wav,0.946984127
396316,Gunshot_and_gunfire,gunshot,/m/032s66,fdk50,C:/Users/sharo/OneDrive/Documents/TMRL/FSD50K_dev_audio/396316.wav,0.829138322
349217,Gunshot_and_gunfire,gunshot,/m/032s66,fdk50,C:/Users/sharo/OneDrive/Documents/TMRL/FSD50K_dev_audio/349217.wav,0.957210884
392226,Gunshot_and_gunfire,gunshot,/m/032s66,fdk50,C:/Users/sharo/OneDrive/Documents/TMRL/FSD50K_dev_audio/392226.wav,3.291950113
392229,Gunshot_and_gunfire,gunshot,/m/032s66,fdk50,C:/Users/sharo/OneDrive/Documents/TMRL/FSD50K_dev_audio/392229.wav,2.442879819
89147,Gunshot_and_gunfire,gunshot,/m/032s66,fdk50,C:/Users/sharo/OneDrive/Documents/TMRL/FSD50K_dev_audio/89147.wav,1.92
164937,Gunshot_and_gunfire,gunshot,/m/032s66,fdk50,C:/Users/sharo/OneDrive/Documents/TMRL/FSD50K_dev_audio/164937.wav,28.51201814
267341,Gunshot_and_gunfire,gunshot,/m/032s66,fdk50,C:/Users/sharo/OneDrive/Documents/TMRL/FSD50K_dev_audio/267341.wav,0.75755102
404561,Gunshot_and_gunfire,gunshot,/m/032s66,fdk50,C:/Users/sharo/OneDrive/Documents/TMRL/FSD50K_dev_audio/404561.wav,3.5
404562,Gunshot_and_gunfire,gunshot,/m/032s66,fdk50,C:/Users/sharo/OneDrive/Documents/TMRL/FSD50K_dev_audio/404562.wav,3.5
238675,"Gunshot_and_gunfire,Machine_gun",gunshot,"/m/032s66,/m/04zjc",fdk50,C:/Users/sharo/OneDrive/Documents/TMRL/FSD50K_dev_audio/238675.wav,2.158072562
414827,Gunshot_and_gunfire,gunshot,/m/032s66,fdk50,C:/Users/sharo/OneDrive/Documents/TMRL/FSD50K_dev_audio/414827.wav,6
369781,Gunshot_and_gunfire,gunshot,/m/032s66,fdk50,C:/Users/sharo/OneDrive/Documents/TMRL/FSD50K_dev_audio/369781.wav,0.66292517
369782,Gunshot_and_gunfire,gunshot,/m/032s66,fdk50,C:/Users/sharo/OneDrive/Documents/TMRL/FSD50K_dev_audio/369782.wav,1.893696145
234618,"Gunshot_and_gunfire,Machine_gun",gunshot,"/m/032s66,/m/04zjc",fdk50,C:/Users/sharo/OneDrive/Documents/TMRL/FSD50K_dev_audio/234618.wav,4.166666667
251004,Gunshot_and_gunfire,gunshot,/m/032s66,fdk50,C:/Users/sharo/OneDrive/Documents/TMRL/FSD50K_dev_audio/251004.wav,0.984013605
187534,Gunshot_and_gunfire,gunshot,/m/032s66,fdk50,C:/Users/sharo/OneDrive/Documents/TMRL/FSD50K_dev_audio/187534.wav,2.030249433
369818,Gunshot_and_gunfire,gunshot,/m/032s66,fdk50,C:/Users/sharo/OneDrive/Documents/TMRL/FSD50K_dev_audio/369818.wav,0.720181406
388273,Gunshot_and_gunfire,gunshot,/m/032s66,fdk50,C:/Users/sharo/OneDrive/Documents/TMRL/FSD50K_dev_audio/388273.wav,1.850634921
46263,Gunshot_and_gunfire,gunshot,/m/032s66,fdk50,C:/Users/sharo/OneDrive/Documents/TMRL/FSD50K_dev_audio/46263.wav,1.171746032
103626,"Gunshot_and_gunfire,Machine_gun",gunshot,"/m/032s66,/m/04zjc",fdk50,C:/Users/sharo/OneDrive/Documents/TMRL/FSD50K_dev_audio/103626.wav,27.61142857
156904,Gunshot_and_gunfire,gunshot,/m/032s66,fdk50,C:/Users/sharo/OneDrive/Documents/TMRL/FSD50K_dev_audio/156904.wav,1.449591837
204009,Gunshot_and_gunfire,gunshot,/m/032s66,fdk50,C:/Users/sharo/OneDrive/Documents/TMRL/FSD50K_dev_audio/204009.wav,2.449705215
204010,Gunshot_and_gunfire,gunshot,/m/032s66,fdk50,C:/Users/sharo/OneDrive/Documents/TMRL/FSD50K_dev_audio/204010.wav,2.12462585
255216,Gunshot_and_gunfire,gunshot,/m/032s66,fdk50,C:/Users/sharo/OneDrive/Documents/TMRL/FSD50K_dev_audio/255216.wav,4.6
216312,Gunshot_and_gunfire,gunshot,/m/032s66,fdk50,C:/Users/sharo/OneDrive/Documents/TMRL/FSD50K_dev_audio/216312.wav,2
216315,Gunshot_and_gunfire,gunshot,/m/032s66,fdk50,C:/Users/sharo/OneDrive/Documents/TMRL/FSD50K_dev_audio/216315.wav,2
216317,Gunshot_and_gunfire,gunshot,/m/032s66,fdk50,C:/Users/sharo/OneDrive/Documents/TMRL/FSD50K_dev_audio/216317.wav,2
216318,Gunshot_and_gunfire,gunshot,/m/032s66,fdk50,C:/Users/sharo/OneDrive/Documents/TMRL/FSD50K_dev_audio/216318.wav,2
216319,Gunshot_and_gunfire,gunshot,/m/032s66,fdk50,C:/Users/sharo/OneDrive/Documents/TMRL/FSD50K_dev_audio/216319.wav,2
158977,Gunshot_and_gunfire,gunshot,/m/032s66,fdk50,C:/Users/sharo/OneDrive/Documents/TMRL/FSD50K_dev_audio/158977.wav,1.886575964
158978,Gunshot_and_gunfire,gunshot,/m/032s66,fdk50,C:/Users/sharo/OneDrive/Documents/TMRL/FSD50K_dev_audio/158978.wav,1.737528345
228611,Gunshot_and_gunfire,gunshot,/m/032s66,fdk50,C:/Users/sharo/OneDrive/Documents/TMRL/FSD50K_dev_audio/228611.wav,0.708004535
158979,Gunshot_and_gunfire,gunshot,/m/032s66,fdk50,C:/Users/sharo/OneDrive/Documents/TMRL/FSD50K_dev_audio/158979.wav,2.51292517
337166,Gunshot_and_gunfire,gunshot,/m/032s66,fdk50,C:/Users/sharo/OneDrive/Documents/TMRL/FSD50K_dev_audio/337166.wav,4.285714286
128293,Gunshot_and_gunfire,gunshot,/m/032s66,fdk50,C:/Users/sharo/OneDrive/Documents/TMRL/FSD50K_dev_audio/128293.wav,1.497981859
128294,Gunshot_and_gunfire,gunshot,/m/032s66,fdk50,C:/Users/sharo/OneDrive/Documents/TMRL/FSD50K_dev_audio/128294.wav,1.497981859
128296,Gunshot_and_gunfire,gunshot,/m/032s66,fdk50,C:/Users/sharo/OneDrive/Documents/TMRL/FSD50K_dev_audio/128296.wav,1.497981859
128297,Gunshot_and_gunfire,gunshot,/m/032s66,fdk50,C:/Users/sharo/OneDrive/Documents/TMRL/FSD50K_dev_audio/128297.wav,1.497981859
128298,Gunshot_and_gunfire,gunshot,/m/032s66,fdk50,C:/Users/sharo/OneDrive/Documents/TMRL/FSD50K_dev_audio/128298.wav,1.497981859
128299,Gunshot_and_gunfire,gunshot,/m/032s66,fdk50,C:/Users/sharo/OneDrive/Documents/TMRL/FSD50K_dev_audio/128299.wav,1.497981859
255272,Gunshot_and_gunfire,gunshot,/m/032s66,fdk50,C:/Users/sharo/OneDrive/Documents/TMRL/FSD50K_dev_audio/255272.wav,14.81993197
128301,Gunshot_and_gunfire,gunshot,/m/032s66,fdk50,C:/Users/sharo/OneDrive/Documents/TMRL/FSD50K_dev_audio/128301.wav,1.497981859
404816,Gunshot_and_gunfire,gunshot,/m/032s66,fdk50,C:/Users/sharo/OneDrive/Documents/TMRL/FSD50K_dev_audio/404816.wav,2.842879819
365905,"Gunshot_and_gunfire,Fusillade",gunshot,"/m/032s66,/m/02z32qm",fdk50,C:/Users/sharo/OneDrive/Documents/TMRL/FSD50K_dev_audio/365905.wav,1.870634921
257364,Gunshot_and_gunfire,gunshot,/m/032s66,fdk50,C:/Users/sharo/OneDrive/Documents/TMRL/FSD50K_dev_audio/257364.wav,2.687505669
148828,Gunshot_and_gunfire,gunshot,/m/032s66,fdk50,C:/Users/sharo/OneDrive/Documents/TMRL/FSD50K_dev_audio/148828.wav,4.127346939
148831,Gunshot_and_gunfire,gunshot,/m/032s66,fdk50,C:/Users/sharo/OneDrive/Documents/TMRL/FSD50K_dev_audio/148831.wav,4.466938776
148832,Gunshot_and_gunfire,gunshot,/m/032s66,fdk50,C:/Users/sharo/OneDrive/Documents/TMRL/FSD50K_dev_audio/148832.wav,5.955918367
148836,Gunshot_and_gunfire,gunshot,/m/032s66,fdk50,C:/Users/sharo/OneDrive/Documents/TMRL/FSD50K_dev_audio/148836.wav,6.478367347
148837,Gunshot_and_gunfire,gunshot,/m/032s66,fdk50,C:/Users/sharo/OneDrive/Documents/TMRL/FSD50K_dev_audio/148837.wav,4.545306122
148838,Gunshot_and_gunfire,gunshot,/m/032s66,fdk50,C:/Users/sharo/OneDrive/Documents/TMRL/FSD50K_dev_audio/148838.wav,3.84
52593,Gunshot_and_gunfire,gunshot,/m/032s66,fdk50,C:/Users/sharo/OneDrive/Documents/TMRL/FSD50K_dev_audio/52593.wav,2.472970522
161195,Gunshot_and_gunfire,gunshot,/m/032s66,fdk50,C:/Users/sharo/OneDrive/Documents/TMRL/FSD50K_dev_audio/161195.wav,0.799931973
413105,Gunshot_and_gunfire,gunshot,/m/032s66,fdk50,C:/Users/sharo/OneDrive/Documents/TMRL/FSD50K_dev_audio/413105.wav,0.537528345
413106,Gunshot_and_gunfire,gunshot,/m/032s66,fdk50,C:/Users/sharo/OneDrive/Documents/TMRL/FSD50K_dev_audio/413106.wav,0.537528345
138679,Gunshot_and_gunfire,gunshot,/m/032s66,fdk50,C:/Users/sharo/OneDrive/Documents/TMRL/FSD50K_dev_audio/138679.wav,1.334217687
413113,Gunshot_and_gunfire,gunshot,/m/032s66,fdk50,C:/Users/sharo/OneDrive/Documents/TMRL/FSD50K_dev_audio/413113.wav,0.354580499
413117,Gunshot_and_gunfire,gunshot,/m/032s66,fdk50,C:/Users/sharo/OneDrive/Documents/TMRL/FSD50K_dev_audio/413117.wav,0.530521542
413120,Gunshot_and_gunfire,gunshot,/m/032s66,fdk50,C:/Users/sharo/OneDrive/Documents/TMRL/FSD50K_dev_audio/413120.wav,0.549410431
413122,Gunshot_and_gunfire,gunshot,/m/032s66,fdk50,C:/Users/sharo/OneDrive/Documents/TMRL/FSD50K_dev_audio/413122.wav,0.685804989
220612,Gunshot_and_gunfire,gunshot,/m/032s66,fdk50,C:/Users/sharo/OneDrive/Documents/TMRL/FSD50K_dev_audio/220612.wav,0.568888889
220613,Gunshot_and_gunfire,gunshot,/m/032s66,fdk50,C:/Users/sharo/OneDrive/Documents/TMRL/FSD50K_dev_audio/220613.wav,1.613786848
132551,Gunshot_and_gunfire,gunshot,/m/032s66,fdk50,C:/Users/sharo/OneDrive/Documents/TMRL/FSD50K_dev_audio/132551.wav,0.925827664
259539,Gunshot_and_gunfire,gunshot,/m/032s66,fdk50,C:/Users/sharo/OneDrive/Documents/TMRL/FSD50K_dev_audio/259539.wav,3.086530612
30185,Gunshot_and_gunfire,gunshot,/m/032s66,fdk50,C:/Users/sharo/OneDrive/Documents/TMRL/FSD50K_dev_audio/30185.wav,6.4838322
253438,Gunshot_and_gunfire,gunshot,/m/032s66,fdk50,C:/Users/sharo/OneDrive/Documents/TMRL/FSD50K_dev_audio/253438.wav,2.870113379
390663,Gunshot_and_gunfire,gunshot,/m/032s66,fdk50,C:/Users/sharo/OneDrive/Documents/TMRL/FSD50K_dev_audio/390663.wav,2.758390023
108043,Gunshot_and_gunfire,gunshot,/m/032s66,fdk50,C:/Users/sharo/OneDrive/Documents/TMRL/FSD50K_dev_audio/108043.wav,1.594036281
108044,Gunshot_and_gunfire,gunshot,/m/032s66,fdk50,C:/Users/sharo/OneDrive/Documents/TMRL/FSD50K_dev_audio/108044.wav,6.046349206
108045,Gunshot_and_gunfire,gunshot,/m/032s66,fdk50,C:/Users/sharo/OneDrive/Documents/TMRL/FSD50K_dev_audio/108045.wav,1.638163265
108046,Gunshot_and_gunfire,gunshot,/m/032s66,fdk50,C:/Users/sharo/OneDrive/Documents/TMRL/FSD50K_dev_audio/108046.wav,2.609909297
108047,Gunshot_and_gunfire,gunshot,/m/032s66,fdk50,C:/Users/sharo/OneDrive/Documents/TMRL/FSD50K_dev_audio/108047.wav,1.794580499
151065,Gunshot_and_gunfire,gunshot,/m/032s66,fdk50,C:/Users/sharo/OneDrive/Documents/TMRL/FSD50K_dev_audio/151065.wav,1.759160998
151066,Gunshot_and_gunfire,gunshot,/m/032s66,fdk50,C:/Users/sharo/OneDrive/Documents/TMRL/FSD50K_dev_audio/151066.wav,1.302698413
151069,Gunshot_and_gunfire,gunshot,/m/032s66,fdk50,C:/Users/sharo/OneDrive/Documents/TMRL/FSD50K_dev_audio/151069.wav,1.871428571
26141,Gunshot_and_gunfire,gunshot,/m/032s66,fdk50,C:/Users/sharo/OneDrive/Documents/TMRL/FSD50K_dev_audio/26141.wav,4.874512472
319008,Gunshot_and_gunfire,gunshot,/m/032s66,fdk50,C:/Users/sharo/OneDrive/Documents/TMRL/FSD50K_dev_audio/319008.wav,7.993469388
319009,Gunshot_and_gunfire,gunshot,/m/032s66,fdk50,C:/Users/sharo/OneDrive/Documents/TMRL/FSD50K_dev_audio/319009.wav,6.060408163
239137,"Gunshot_and_gunfire,Artillery_fire",gunshot,"/m/032s66,/m/0_1c",fdk50,C:/Users/sharo/OneDrive/Documents/TMRL/FSD50K_dev_audio/239137.wav,6.910544218
151075,Gunshot_and_gunfire,gunshot,/m/032s66,fdk50,C:/Users/sharo/OneDrive/Documents/TMRL/FSD50K_dev_audio/151075.wav,3.451315193
151072,Gunshot_and_gunfire,gunshot,/m/032s66,fdk50,C:/Users/sharo/OneDrive/Documents/TMRL/FSD50K_dev_audio/151072.wav,1.316439909
319010,Gunshot_and_gunfire,gunshot,/m/032s66,fdk50,C:/Users/sharo/OneDrive/Documents/TMRL/FSD50K_dev_audio/319010.wav,3.813877551
136766,Gunshot_and_gunfire,gunshot,/m/032s66,fdk50,C:/Users/sharo/OneDrive/Documents/TMRL/FSD50K_dev_audio/136766.wav,0.851564626
427592,Gunshot_and_gunfire,gunshot,/m/032s66,fdk50,C:/Users/sharo/OneDrive/Documents/TMRL/FSD50K_dev_audio/427592.wav,1.66324263
427598,Gunshot_and_gunfire,gunshot,/m/032s66,fdk50,C:/Users/sharo/OneDrive/Documents/TMRL/FSD50K_dev_audio/427598.wav,0.908571429
165478,"Gunshot_and_gunfire,Machine_gun",gunshot,"/m/032s66,/m/04zjc",fdk50,C:/Users/sharo/OneDrive/Documents/TMRL/FSD50K_dev_audio/165478.wav,12.10630385
267893,Gunshot_and_gunfire,gunshot,/m/032s66,fdk50,C:/Users/sharo/OneDrive/Documents/TMRL/FSD50K_dev_audio/267893.wav,1.306122449
163455,Gunshot_and_gunfire,gunshot,/m/032s66,fdk50,C:/Users/sharo/OneDrive/Documents/TMRL/FSD50K_dev_audio/163455.wav,0.691678005
163456,Gunshot_and_gunfire,gunshot,/m/032s66,fdk50,C:/Users/sharo/OneDrive/Documents/TMRL/FSD50K_dev_audio/163456.wav,0.460770975
370304,Gunshot_and_gunfire,gunshot,/m/032s66,fdk50,C:/Users/sharo/OneDrive/Documents/TMRL/FSD50K_dev_audio/370304.wav,2.677732426
163460,Gunshot_and_gunfire,gunshot,/m/032s66,fdk50,C:/Users/sharo/OneDrive/Documents/TMRL/FSD50K_dev_audio/163460.wav,0.672222222
165540,Gunshot_and_gunfire,gunshot,/m/032s66,fdk50,C:/Users/sharo/OneDrive/Documents/TMRL/FSD50K_dev_audio/165540.wav,2.535487528
118450,Gunshot_and_gunfire,gunshot,/m/032s66,fdk50,C:/Users/sharo/OneDrive/Documents/TMRL/FSD50K_dev_audio/118450.wav,7.128004535
149177,Gunshot_and_gunfire,gunshot,/m/032s66,fdk50,C:/Users/sharo/OneDrive/Documents/TMRL/FSD50K_dev_audio/149177.wav,1.527777778
161475,Gunshot_and_gunfire,gunshot,/m/032s66,fdk50,C:/Users/sharo/OneDrive/Documents/TMRL/FSD50K_dev_audio/161475.wav,1.78031746
378563,Gunshot_and_gunfire,gunshot,/m/032s66,fdk50,C:/Users/sharo/OneDrive/Documents/TMRL/FSD50K_dev_audio/378563.wav,0.944331066
431822,Gunshot_and_gunfire,gunshot,/m/032s66,fdk50,C:/Users/sharo/OneDrive/Documents/TMRL/FSD50K_dev_audio/431822.wav,2.24
431825,Gunshot_and_gunfire,gunshot,/m/032s66,fdk50,C:/Users/sharo/OneDrive/Documents/TMRL/FSD50K_dev_audio/431825.wav,1.48
431827,Gunshot_and_gunfire,gunshot,/m/032s66,fdk50,C:/Users/sharo/OneDrive/Documents/TMRL/FSD50K_dev_audio/431827.wav,2.28
431828,Gunshot_and_gunfire,gunshot,/m/032s66,fdk50,C:/Users/sharo/OneDrive/Documents/TMRL/FSD50K_dev_audio/431828.wav,4.16
431831,Gunshot_and_gunfire,gunshot,/m/032s66,fdk50,C:/Users/sharo/OneDrive/Documents/TMRL/FSD50K_dev_audio/431831.wav,8.44
431837,Gunshot_and_gunfire,gunshot,/m/032s66,fdk50,C:/Users/sharo/OneDrive/Documents/TMRL/FSD50K_dev_audio/431837.wav,0.64
139028,Gunshot_and_gunfire,gunshot,/m/032s66,fdk50,C:/Users/sharo/OneDrive/Documents/TMRL/FSD50K_dev_audio/139028.wav,3.818367347
386842,Gunshot_and_gunfire,gunshot,/m/032s66,fdk50,C:/Users/sharo/OneDrive/Documents/TMRL/FSD50K_dev_audio/386842.wav,2.742290249
386845,Gunshot_and_gunfire,gunshot,/m/032s66,fdk50,C:/Users/sharo/OneDrive/Documents/TMRL/FSD50K_dev_audio/386845.wav,0.646349206
182051,Gunshot_and_gunfire,gunshot,/m/032s66,fdk50,C:/Users/sharo/OneDrive/Documents/TMRL/FSD50K_dev_audio/182051.wav,1.949727891
253734,Gunshot_and_gunfire,gunshot,/m/032s66,fdk50,C:/Users/sharo/OneDrive/Documents/TMRL/FSD50K_dev_audio/253734.wav,4
100144,"Gunshot_and_gunfire,Firecracker",gunshot,"/m/032s66,/g/122z_qxw",fdk50,C:/Users/sharo/OneDrive/Documents/TMRL/FSD50K_dev_audio/100144.wav,7.000816327
145206,Gunshot_and_gunfire,gunshot,/m/032s66,fdk50,C:/Users/sharo/OneDrive/Documents/TMRL/FSD50K_dev_audio/145206.wav,6.739591837
137034,Gunshot_and_gunfire,gunshot,/m/032s66,fdk50,C:/Users/sharo/OneDrive/Documents/TMRL/FSD50K_dev_audio/137034.wav,1.985759637
231245,Gunshot_and_gunfire,gunshot,/m/032s66,fdk50,C:/Users/sharo/OneDrive/Documents/TMRL/FSD50K_dev_audio/231245.wav,10.18199546
231247,Gunshot_and_gunfire,gunshot,/m/032s66,fdk50,C:/Users/sharo/OneDrive/Documents/TMRL/FSD50K_dev_audio/231247.wav,6.247482993
231248,Gunshot_and_gunfire,gunshot,/m/032s66,fdk50,C:/Users/sharo/OneDrive/Documents/TMRL/FSD50K_dev_audio/231248.wav,4
257873,Gunshot_and_gunfire,gunshot,/m/032s66,fdk50,C:/Users/sharo/OneDrive/Documents/TMRL/FSD50K_dev_audio/257873.wav,1.331179138
257874,Gunshot_and_gunfire,gunshot,/m/032s66,fdk50,C:/Users/sharo/OneDrive/Documents/TMRL/FSD50K_dev_audio/257874.wav,2.9061678
257875,Gunshot_and_gunfire,gunshot,/m/032s66,fdk50,C:/Users/sharo/OneDrive/Documents/TMRL/FSD50K_dev_audio/257875.wav,1.961043084
257876,Gunshot_and_gunfire,gunshot,/m/032s66,fdk50,C:/Users/sharo/OneDrive/Documents/TMRL/FSD50K_dev_audio/257876.wav,5.258548753
233318,Gunshot_and_gunfire,gunshot,/m/032s66,fdk50,C:/Users/sharo/OneDrive/Documents/TMRL/FSD50K_dev_audio/233318.wav,1.184217687
233321,Gunshot_and_gunfire,gunshot,/m/032s66,fdk50,C:/Users/sharo/OneDrive/Documents/TMRL/FSD50K_dev_audio/233321.wav,2.308095238
233322,Gunshot_and_gunfire,gunshot,/m/032s66,fdk50,C:/Users/sharo/OneDrive/Documents/TMRL/FSD50K_dev_audio/233322.wav,2.333605442
233323,Gunshot_and_gunfire,gunshot,/m/032s66,fdk50,C:/Users/sharo/OneDrive/Documents/TMRL/FSD50K_dev_audio/233323.wav,3.004693878
147317,Gunshot_and_gunfire,gunshot,/m/032s66,fdk50,C:/Users/sharo/OneDrive/Documents/TMRL/FSD50K_dev_audio/147317.wav,4.678820862
266105,Gunshot_and_gunfire,gunshot,/m/032s66,fdk50,C:/Users/sharo/OneDrive/Documents/TMRL/FSD50K_dev_audio/266105.wav,1.173129252
34708,Gunshot_and_gunfire,gunshot,/m/032s66,fdk50,C:/Users/sharo/OneDrive/Documents/TMRL/FSD50K_dev_audio/34708.wav,21.97263039
399266,Gunshot_and_gunfire,gunshot,/m/032s66,fdk50,C:/Users/sharo/OneDrive/Documents/TMRL/FSD50K_dev_audio/399266.wav,0.667052154
165795,Gunshot_and_gunfire,gunshot,/m/032s66,fdk50,C:/Users/sharo/OneDrive/Documents/TMRL/FSD50K_dev_audio/165795.wav,0.889274376
36815,Gunshot_and_gunfire,gunshot,/m/032s66,fdk50,C:/Users/sharo/OneDrive/Documents/TMRL/FSD50K_dev_audio/36815.wav,10.50122449
128979,Gunshot_and_gunfire,gunshot,/m/032s66,fdk50,C:/Users/sharo/OneDrive/Documents/TMRL/FSD50K_dev_audio/128979.wav,2.301768707
184275,Gunshot_and_gunfire,gunshot,/m/032s66,fdk50,C:/Users/sharo/OneDrive/Documents/TMRL/FSD50K_dev_audio/184275.wav,18
128981,Gunshot_and_gunfire,gunshot,/m/032s66,fdk50,C:/Users/sharo/OneDrive/Documents/TMRL/FSD50K_dev_audio/128981.wav,22.75136054
380886,Gunshot_and_gunfire,gunshot,/m/032s66,fdk50,C:/Users/sharo/OneDrive/Documents/TMRL/FSD50K_dev_audio/380886.wav,1.218526077
159703,Gunshot_and_gunfire,gunshot,/m/032s66,fdk50,C:/Users/sharo/OneDrive/Documents/TMRL/FSD50K_dev_audio/159703.wav,1.872018141
159704,Gunshot_and_gunfire,gunshot,/m/032s66,fdk50,C:/Users/sharo/OneDrive/Documents/TMRL/FSD50K_dev_audio/159704.wav,3.808004535
159705,Gunshot_and_gunfire,gunshot,/m/032s66,fdk50,C:/Users/sharo/OneDrive/Documents/TMRL/FSD50K_dev_audio/159705.wav,4.64
159706,Gunshot_and_gunfire,gunshot,/m/032s66,fdk50,C:/Users/sharo/OneDrive/Documents/TMRL/FSD50K_dev_audio/159706.wav,3.162653061
159708,Gunshot_and_gunfire,gunshot,/m/032s66,fdk50,C:/Users/sharo/OneDrive/Documents/TMRL/FSD50K_dev_audio/159708.wav,2.453333333
159710,Gunshot_and_gunfire,gunshot,/m/032s66,fdk50,C:/Users/sharo/OneDrive/Documents/TMRL/FSD50K_dev_audio/159710.wav,3.088004535
67556,Gunshot_and_gunfire,gunshot,/m/032s66,fdk50,C:/Users/sharo/OneDrive/Documents/TMRL/FSD50K_dev_audio/67556.wav,3.202086168
67557,Gunshot_and_gunfire,gunshot,/m/032s66,fdk50,C:/Users/sharo/OneDrive/Documents/TMRL/FSD50K_dev_audio/67557.wav,2.984104308
362471,Gunshot_and_gunfire,gunshot,/m/032s66,fdk50,C:/Users/sharo/OneDrive/Documents/TMRL/FSD50K_dev_audio/362471.wav,0.998911565
67560,Gunshot_and_gunfire,gunshot,/m/032s66,fdk50,C:/Users/sharo/OneDrive/Documents/TMRL/FSD50K_dev_audio/67560.wav,1.602902494
67561,Gunshot_and_gunfire,gunshot,/m/032s66,fdk50,C:/Users/sharo/OneDrive/Documents/TMRL/FSD50K_dev_audio/67561.wav,1.987573696
67562,Gunshot_and_gunfire,gunshot,/m/032s66,fdk50,C:/Users/sharo/OneDrive/Documents/TMRL/FSD50K_dev_audio/67562.wav,1.992834467
67563,Gunshot_and_gunfire,gunshot,/m/032s66,fdk50,C:/Users/sharo/OneDrive/Documents/TMRL/FSD50K_dev_audio/67563.wav,1.992562358
67564,Gunshot_and_gunfire,gunshot,/m/032s66,fdk50,C:/Users/sharo/OneDrive/Documents/TMRL/FSD50K_dev_audio/67564.wav,0.882653061
67566,Gunshot_and_gunfire,gunshot,/m/032s66,fdk50,C:/Users/sharo/OneDrive/Documents/TMRL/FSD50K_dev_audio/67566.wav,0.451609977
67567,Gunshot_and_gunfire,gunshot,/m/032s66,fdk50,C:/Users/sharo/OneDrive/Documents/TMRL/FSD50K_dev_audio/67567.wav,0.335328798
67571,Gunshot_and_gunfire,gunshot,/m/032s66,fdk50,C:/Users/sharo/OneDrive/Documents/TMRL/FSD50K_dev_audio/67571.wav,0.48478458
329716,Gunshot_and_gunfire,gunshot,/m/032s66,fdk50,C:/Users/sharo/OneDrive/Documents/TMRL/FSD50K_dev_audio/329716.wav,2.600634921
67573,Gunshot_and_gunfire,gunshot,/m/032s66,fdk50,C:/Users/sharo/OneDrive/Documents/TMRL/FSD50K_dev_audio/67573.wav,0.509433107
362486,Gunshot_and_gunfire,gunshot,/m/032s66,fdk50,C:/Users/sharo/OneDrive/Documents/TMRL/FSD50K_dev_audio/362486.wav,0.707324263
67575,Gunshot_and_gunfire,gunshot,/m/032s66,fdk50,C:/Users/sharo/OneDrive/Documents/TMRL/FSD50K_dev_audio/67575.wav,0.51600907
67574,Gunshot_and_gunfire,gunshot,/m/032s66,fdk50,C:/Users/sharo/OneDrive/Documents/TMRL/FSD50K_dev_audio/67574.wav,0.496281179
67577,Gunshot_and_gunfire,gunshot,/m/032s66,fdk50,C:/Users/sharo/OneDrive/Documents/TMRL/FSD50K_dev_audio/67577.wav,0.522562358
67578,Gunshot_and_gunfire,gunshot,/m/032s66,fdk50,C:/Users/sharo/OneDrive/Documents/TMRL/FSD50K_dev_audio/67578.wav,1.694444444
67572,Gunshot_and_gunfire,gunshot,/m/032s66,fdk50,C:/Users/sharo/OneDrive/Documents/TMRL/FSD50K_dev_audio/67572.wav,0.425623583
67580,Gunshot_and_gunfire,gunshot,/m/032s66,fdk50,C:/Users/sharo/OneDrive/Documents/TMRL/FSD50K_dev_audio/67580.wav,3.316689342
67581,Gunshot_and_gunfire,gunshot,/m/032s66,fdk50,C:/Users/sharo/OneDrive/Documents/TMRL/FSD50K_dev_audio/67581.wav,3.660294785
67582,Gunshot_and_gunfire,gunshot,/m/032s66,fdk50,C:/Users/sharo/OneDrive/Documents/TMRL/FSD50K_dev_audio/67582.wav,0.746213152
67583,Gunshot_and_gunfire,gunshot,/m/032s66,fdk50,C:/Users/sharo/OneDrive/Documents/TMRL/FSD50K_dev_audio/67583.wav,0.423718821
1-20133-A-39.wav,glass_breaking,glass break,20133,esc50,C:/Users/sharo/OneDrive/Documents/TMRL/audio/1-20133-A-39.wav,2.2
1-84536-A-39.wav,glass_breaking,glass break,84536,esc50,C:/Users/sharo/OneDrive/Documents/TMRL/audio/1-84536-A-39.wav,2.2
1-84704-A-39.wav,glass_breaking,glass break,84704,esc50,C:/Users/sharo/OneDrive/Documents/TMRL/audio/1-84704-A-39.wav,2.35
1-84705-A-39.wav,glass_breaking,glass break,84705,esc50,C:/Users/sharo/OneDrive/Documents/TMRL/audio/1-84705-A-39.wav,0.6
1-85168-A-39.wav,glass_breaking,glass break,85168,esc50,C:/Users/sharo/OneDrive/Documents/TMRL/audio/1-85168-A-39.wav,1.9
1-85184-A-39.wav,glass_breaking,glass break,85184,esc50,C:/Users/sharo/OneDrive/Documents/TMRL/audio/1-85184-A-39.wav,0.6
1-88807-A-39.wav,glass_breaking,glass break,88807,esc50,C:/Users/sharo/OneDrive/Documents/TMRL/audio/1-88807-A-39.wav,0.6
1-977-A-39.wav,glass_breaking,glass break,977,esc50,C:/Users/sharo/OneDrive/Documents/TMRL/audio/1-977-A-39.wav,0.3
2-106881-A-39.wav,glass_breaking,glass break,106881,esc50,C:/Users/sharo/OneDrive/Documents/TMRL/audio/2-106881-A-39.wav,4.2
2-112213-A-39.wav,glass_breaking,glass break,112213,esc50,C:/Users/sharo/OneDrive/Documents/TMRL/audio/2-112213-A-39.wav,1.6
2-112213-B-39.wav,glass_breaking,glass break,112213,esc50,C:/Users/sharo/OneDrive/Documents/TMRL/audio/2-112213-B-39.wav,2.1
2-141563-A-39.wav,glass_breaking,glass break,141563,esc50,C:/Users/sharo/OneDrive/Documents/TMRL/audio/2-141563-A-39.wav,1.2
2-173559-A-39.wav,glass_breaking,glass break,173559,esc50,C:/Users/sharo/OneDrive/Documents/TMRL/audio/2-173559-A-39.wav,2
2-173607-A-39.wav,glass_breaking,glass break,173607,esc50,C:/Users/sharo/OneDrive/Documents/TMRL/audio/2-173607-A-39.wav,3
2-173618-A-39.wav,glass_breaking,glass break,173618,esc50,C:/Users/sharo/OneDrive/Documents/TMRL/audio/2-173618-A-39.wav,3.6
2-250710-A-39.wav,glass_breaking,glass break,250710,esc50,C:/Users/sharo/OneDrive/Documents/TMRL/audio/2-250710-A-39.wav,3
3-203371-A-39.wav,glass_breaking,glass break,203371,esc50,C:/Users/sharo/OneDrive/Documents/TMRL/audio/3-203371-A-39.wav,1.1
3-203373-A-39.wav,glass_breaking,glass break,203373,esc50,C:/Users/sharo/OneDrive/Documents/TMRL/audio/3-203373-A-39.wav,0.9
3-203374-A-39.wav,glass_breaking,glass break,203374,esc50,C:/Users/sharo/OneDrive/Documents/TMRL/audio/3-203374-A-39.wav,0.6
3-203375-A-39.wav,glass_breaking,glass break,203375,esc50,C:/Users/sharo/OneDrive/Documents/TMRL/audio/3-203375-A-39.wav,1.05
3-203377-A-39.wav,glass_breaking,glass break,203377,esc50,C:/Users/sharo/OneDrive/Documents/TMRL/audio/3-203377-A-39.wav,0.9
3-216280-A-39.wav,glass_breaking,glass break,216280,esc50,C:/Users/sharo/OneDrive/Documents/TMRL/audio/3-216280-A-39.wav,0.6
3-216281-A-39.wav,glass_breaking,glass break,216281,esc50,C:/Users/sharo/OneDrive/Documents/TMRL/audio/3-216281-A-39.wav,0.6
3-216284-A-39.wav,glass_breaking,glass break,216284,esc50,C:/Users/sharo/OneDrive/Documents/TMRL/audio/3-216284-A-39.wav,1.2
4-204115-A-39.wav,glass_breaking,glass break,204115,esc50,C:/Users/sharo/OneDrive/Documents/TMRL/audio/4-204115-A-39.wav,0.9
4-204119-A-39.wav,glass_breaking,glass break,204119,esc50,C:/Users/sharo/OneDrive/Documents/TMRL/audio/4-204119-A-39.wav,0.7
4-204121-A-39.wav,glass_breaking,glass break,204121,esc50,C:/Users/sharo/OneDrive/Documents/TMRL/audio/4-204121-A-39.wav,1.7
4-204123-A-39.wav,glass_breaking,glass break,204123,esc50,C:/Users/sharo/OneDrive/Documents/TMRL/audio/4-204123-A-39.wav,1.2
4-204777-A-39.wav,glass_breaking,glass break,204777,esc50,C:/Users/sharo/OneDrive/Documents/TMRL/audio/4-204777-A-39.wav,2.1
4-204777-B-39.wav,glass_breaking,glass break,204777,esc50,C:/Users/sharo/OneDrive/Documents/TMRL/audio/4-204777-B-39.wav,2
4-204777-C-39.wav,glass_breaking,glass break,204777,esc50,C:/Users/sharo/OneDrive/Documents/TMRL/audio/4-204777-C-39.wav,1.5
4-212698-A-39.wav,glass_breaking,glass break,212698,esc50,C:/Users/sharo/OneDrive/Documents/TMRL/audio/4-212698-A-39.wav,1.4
5-221528-A-39.wav,glass_breaking,glass break,221528,esc50,C:/Users/sharo/OneDrive/Documents/TMRL/audio/5-221528-A-39.wav,1.15
5-221529-A-39.wav,glass_breaking,glass break,221529,esc50,C:/Users/sharo/OneDrive/Documents/TMRL/audio/5-221529-A-39.wav,0.9
5-233605-A-39.wav,glass_breaking,glass break,233605,esc50,C:/Users/sharo/OneDrive/Documents/TMRL/audio/5-233605-A-39.wav,0.6
5-233607-A-39.wav,glass_breaking,glass break,233607,esc50,C:/Users/sharo/OneDrive/Documents/TMRL/audio/5-233607-A-39.wav,1.1
5-257642-A-39.wav,glass_breaking,glass break,257642,esc50,C:/Users/sharo/OneDrive/Documents/TMRL/audio/5-257642-A-39.wav,0.9
5-260432-A-39.wav,glass_breaking,glass break,260432,esc50,C:/Users/sharo/OneDrive/Documents/TMRL/audio/5-260432-A-39.wav,0.8
5-260433-A-39.wav,glass_breaking,glass break,260433,esc50,C:/Users/sharo/OneDrive/Documents/TMRL/audio/5-260433-A-39.wav,0.8
5-260434-A-39.wav,glass_breaking,glass break,260434,esc50,C:/Users/sharo/OneDrive/Documents/TMRL/audio/5-260434-A-39.wav,1
